OrderID,OrderDate,CustomerID,ProductID,Quantity,Discount
O-10001,2024-11-15,C-0073,P-034,1,0
O-10002,2024-12-27,C-0455,P-024,1,0
O-10003,2025-09-13,C-0358,P-005,1,0
O-10004,2025-02-14,C-0139,P-026,2,0.3
O-10005,2024-10-30,C-0006,P-022,2,0.3
O-10005,2024-10-30,C-0006,P-034,1,0.2
O-10006,2024-04-08,C-0203,P-007,1,0
O-10006,2024-04-08,C-0203,P-024,3,0
O-10007,2025-07-22,C-0286,P-017,3,0.05
O-10007,2025-07-22,C-0286,P-007,2,0.15
O-10007,2025-07-22,C-0286,P-032,2,0
O-10008,2025-11-25,C-0148,P-030,1,0
O-10009,2025-10-10,C-0072,P-005,1,0
O-10010,2024-11-01,C-0276,P-002,3,0.15
O-10010,2024-11-01,C-0276,P-002,1,0
O-10010,2024-11-01,C-0276,P-022,2,0
O-10010,2024-11-01,C-0276,P-036,2,0
O-10011,2024-05-11,C-0245,P-013,1,0
O-10012,2024-05-25,C-0295,P-007,1,0.1
O-10012,2024-05-25,C-0295,P-038,1,0
O-10012,2024-05-25,C-0295,P-030,1,0
O-10013,2024-02-08,C-0484,P-017,1,0.2
O-10014,2025-11-05,C-0281,P-015,1,0
O-10014,2025-11-05,C-0281,P-015,1,0
O-10014,2025-11-05,C-0281,P-016,2,0
O-10014,2025-11-05,C-0281,P-001,1,0
O-10015,2024-11-07,C-0103,P-011,1,0
O-10015,2024-11-07,C-0103,P-040,1,0
O-10016,2025-12-24,C-0486,P-036,1,0.3
O-10017,2024-09-25,C-0270,P-027,1,0
O-10017,2024-09-25,C-0270,P-019,3,0
O-10017,2024-09-25,C-0270,P-014,1,0
O-10018,2025-05-08,C-0477,P-012,1,0
O-10019,2024-06-04,C-0066,P-014,1,0
O-10020,2024-08-26,C-0047,P-034,1,0
O-10021,2025-06-18,C-0103,P-020,1,0
O-10021,2025-06-18,C-0103,P-021,1,0
O-10022,2024-08-05,C-0256,P-025,1,0
O-10023,2025-11-11,C-0121,P-021,1,0.15
O-10023,2025-11-11,C-0121,P-004,1,0
O-10024,2025-05-17,C-0174,P-022,2,0
O-10024,2025-05-17,C-0174,P-031,1,0.1
O-10025,2024-12-19,C-0336,P-010,1,0
O-10026,2025-11-03,C-0050,P-038,3,0
O-10026,2025-11-03,C-0050,P-028,1,0.2
O-10026,2025-11-03,C-0050,P-036,1,0.3
O-10027,2024-05-05,C-0198,P-007,2,0
O-10027,2024-05-05,C-0198,P-027,1,0.2
O-10027,2024-05-05,C-0198,P-013,1,0
O-10027,2024-05-05,C-0198,P-022,1,0
O-10028,2024-01-07,C-0373,P-017,1,0
O-10028,2024-01-07,C-0373,P-033,1,0
O-10028,2024-01-07,C-0373,P-011,2,0
O-10028,2024-01-07,C-0373,P-040,1,0
O-10029,2024-11-08,C-0485,P-039,1,0
O-10029,2024-11-08,C-0485,P-037,1,0
O-10029,2024-11-08,C-0485,P-015,1,0
O-10030,2025-10-27,C-0366,P-021,1,0
O-10031,2025-01-07,C-0007,P-011,1,0
O-10032,2025-06-17,C-0463,P-009,1,0
O-10033,2025-09-11,C-0450,P-029,2,0
O-10033,2025-09-11,C-0450,P-017,1,0
O-10034,2024-11-01,C-0093,P-014,1,0.3
O-10034,2024-11-01,C-0093,P-036,1,0
O-10035,2024-10-12,C-0256,P-009,1,0
O-10036,2025-05-15,C-0177,P-028,1,0
O-10036,2025-05-15,C-0177,P-032,1,0
O-10036,2025-05-15,C-0177,P-001,1,0.3
O-10036,2025-05-15,C-0177,P-002,1,0
O-10037,2025-09-12,C-0283,P-037,1,0
O-10037,2025-09-12,C-0283,P-009,1,0
O-10037,2025-09-12,C-0283,P-022,1,0
O-10038,2024-03-25,C-0472,P-021,1,0.05
O-10039,2025-07-11,C-0288,P-012,1,0
O-10040,2025-06-04,C-0430,P-004,1,0
O-10040,2025-06-04,C-0430,P-002,1,0
O-10040,2025-06-04,C-0430,P-031,1,0
O-10040,2025-06-04,C-0430,P-012,1,0
O-10041,2025-05-02,C-0091,P-036,1,0
O-10042,2024-09-04,C-0446,P-004,1,0
O-10042,2024-09-04,C-0446,P-025,1,0
O-10042,2024-09-04,C-0446,P-030,1,0.05
O-10042,2024-09-04,C-0446,P-008,1,0
O-10043,2025-12-21,C-0147,P-006,1,0
O-10043,2025-12-21,C-0147,P-018,1,0
O-10044,2025-10-27,C-0176,P-009,1,0
O-10045,2024-02-06,C-0335,P-007,2,0
O-10046,2024-09-21,C-0418,P-019,2,0.1
O-10047,2024-11-27,C-0112,P-027,1,0
O-10048,2025-01-25,C-0105,P-029,3,0.3
O-10048,2025-01-25,C-0105,P-037,1,0
O-10048,2025-01-25,C-0105,P-012,1,0
O-10049,2025-11-15,C-0065,P-023,1,0.2
O-10050,2024-01-29,C-0361,P-002,2,0
O-10051,2025-09-18,C-0118,P-036,1,0.3
O-10052,2025-09-03,C-0099,P-005,1,0.2
O-10052,2025-09-03,C-0099,P-013,1,0.1
O-10053,2025-12-09,C-0093,P-033,1,0.05
O-10054,2025-06-24,C-0351,P-035,1,0
O-10055,2024-07-02,C-0060,P-030,2,0
O-10055,2024-07-02,C-0060,P-003,1,0
O-10055,2024-07-02,C-0060,P-014,1,0
O-10056,2024-11-01,C-0319,P-034,1,0.15
O-10057,2025-12-05,C-0337,P-038,1,0.15
O-10057,2025-12-05,C-0337,P-037,2,0
O-10058,2025-07-18,C-0486,P-003,1,0.15
O-10058,2025-07-18,C-0486,P-031,1,0
O-10059,2024-12-08,C-0374,P-013,1,0.2
O-10059,2024-12-08,C-0374,P-019,1,0
O-10059,2024-12-08,C-0374,P-029,2,0
O-10060,2025-03-01,C-0341,P-029,2,0.2
O-10061,2025-09-06,C-0024,P-033,1,0
O-10061,2025-09-06,C-0024,P-040,1,0
O-10062,2024-09-01,C-0033,P-019,1,0
O-10063,2024-05-24,C-0355,P-012,1,0
O-10063,2024-05-24,C-0355,P-019,3,0
O-10064,2024-10-21,C-0445,P-024,1,0.3
O-10065,2024-12-22,C-0468,P-007,3,0.2
O-10065,2024-12-22,C-0468,P-034,1,0
O-10066,2024-11-23,C-0106,P-013,1,0.2
O-10067,2025-12-18,C-0083,P-024,1,0
O-10068,2024-02-21,C-0232,P-021,2,0
O-10068,2024-02-21,C-0232,P-031,1,0
O-10068,2024-02-21,C-0232,P-039,1,0.15
O-10068,2024-02-21,C-0232,P-001,2,0
O-10069,2025-06-03,C-0465,P-012,1,0
O-10069,2025-06-03,C-0465,P-002,2,0.15
O-10070,2024-11-27,C-0479,P-037,1,0
O-10071,2025-08-03,C-0155,P-017,1,0
O-10071,2025-08-03,C-0155,P-011,1,0.15
O-10072,2024-08-22,C-0022,P-027,2,0.05
O-10072,2024-08-22,C-0022,P-038,1,0
O-10073,2024-06-12,C-0151,P-005,1,0
O-10073,2024-06-12,C-0151,P-019,3,0
O-10074,2024-02-13,C-0218,P-030,1,0.3
O-10075,2024-12-23,C-0144,P-022,1,0
O-10075,2024-12-23,C-0144,P-019,1,0.1
O-10076,2024-12-02,C-0003,P-029,1,0
O-10076,2024-12-02,C-0003,P-023,1,0
O-10076,2024-12-02,C-0003,P-023,1,0
O-10077,2024-12-12,C-0303,P-034,2,0
O-10078,2025-06-23,C-0282,P-017,1,0
O-10079,2025-11-13,C-0265,P-035,1,0.05
O-10079,2025-11-13,C-0265,P-007,1,0
O-10080,2025-12-11,C-0180,P-019,1,0
O-10081,2025-12-20,C-0104,P-011,2,0
O-10081,2025-12-20,C-0104,P-009,1,0.1
O-10082,2025-04-06,C-0116,P-006,1,0
O-10082,2025-04-06,C-0116,P-005,1,0
O-10083,2024-12-29,C-0432,P-030,2,0
O-10083,2024-12-29,C-0432,P-040,2,0
O-10084,2025-10-31,C-0194,P-039,1,0.1
O-10085,2024-11-29,C-0309,P-004,1,0.1
O-10086,2025-01-12,C-0063,P-037,1,0.1
O-10087,2025-04-13,C-0458,P-008,2,0
O-10087,2025-04-13,C-0458,P-031,1,0.05
O-10087,2025-04-13,C-0458,P-012,1,0
O-10088,2024-11-22,C-0244,P-016,1,0
O-10088,2024-11-22,C-0244,P-026,1,0.1
O-10088,2024-11-22,C-0244,P-012,1,0
O-10089,2025-11-03,C-0290,P-002,1,0.1
O-10090,2024-06-06,C-0464,P-029,2,0
O-10090,2024-06-06,C-0464,P-012,3,0.15
O-10090,2024-06-06,C-0464,P-038,1,0
O-10091,2024-06-06,C-0249,P-033,1,0
O-10091,2024-06-06,C-0249,P-034,1,0
O-10091,2024-06-06,C-0249,P-021,1,0.2
O-10092,2024-08-12,C-0478,P-017,1,0
O-10093,2024-05-19,C-0312,P-034,2,0
O-10094,2025-01-19,C-0466,P-016,1,0
O-10095,2024-09-01,C-0441,P-028,2,0
O-10095,2024-09-01,C-0441,P-017,1,0.15
O-10096,2025-04-18,C-0264,P-040,1,0
O-10096,2025-04-18,C-0264,P-031,2,0.3
O-10096,2025-04-18,C-0264,P-028,1,0
O-10096,2025-04-18,C-0264,P-033,2,0.05
O-10097,2024-10-26,C-0380,P-022,1,0
O-10097,2024-10-26,C-0380,P-024,1,0
O-10098,2024-11-13,C-0163,P-021,1,0
O-10098,2024-11-13,C-0163,P-011,1,0
O-10098,2024-11-13,C-0163,P-001,2,0
O-10098,2024-11-13,C-0163,P-019,1,0
O-10099,2024-06-21,C-0036,P-014,2,0
O-10100,2025-12-09,C-0171,P-025,1,0
O-10100,2025-12-09,C-0171,P-025,3,0
O-10100,2025-12-09,C-0171,P-031,1,0.05
O-10101,2025-11-03,C-0161,P-037,1,0.15
O-10102,2024-08-20,C-0011,P-019,2,0
O-10103,2025-02-21,C-0052,P-004,1,0
O-10104,2024-03-22,C-0408,P-030,1,0
O-10104,2024-03-22,C-0408,P-028,1,0
O-10105,2024-01-28,C-0162,P-002,1,0
O-10105,2024-01-28,C-0162,P-033,1,0.05
O-10105,2024-01-28,C-0162,P-005,1,0.3
O-10106,2024-12-11,C-0467,P-002,1,0
O-10106,2024-12-11,C-0467,P-015,1,0.15
O-10106,2024-12-11,C-0467,P-007,1,0
O-10107,2025-03-17,C-0422,P-017,1,0
O-10108,2025-11-13,C-0078,P-025,1,0
O-10108,2025-11-13,C-0078,P-034,1,0
O-10108,2025-11-13,C-0078,P-028,1,0
O-10108,2025-11-13,C-0078,P-030,1,0
O-10109,2025-03-17,C-0139,P-024,1,0.15
O-10110,2024-06-06,C-0314,P-040,3,0
O-10111,2024-05-10,C-0270,P-032,1,0
O-10112,2025-08-18,C-0452,P-035,2,0
O-10112,2025-08-18,C-0452,P-016,2,0
O-10112,2025-08-18,C-0452,P-036,1,0.2
O-10113,2025-01-13,C-0164,P-006,2,0
O-10113,2025-01-13,C-0164,P-028,1,0.05
O-10113,2025-01-13,C-0164,P-011,1,0.2
O-10114,2025-12-12,C-0313,P-012,1,0
O-10115,2024-08-14,C-0105,P-028,1,0.1
O-10115,2024-08-14,C-0105,P-040,2,0
O-10116,2025-12-07,C-0384,P-007,1,0
O-10116,2025-12-07,C-0384,P-001,2,0
O-10116,2025-12-07,C-0384,P-015,1,0.1
O-10116,2025-12-07,C-0384,P-025,2,0
O-10117,2025-11-19,C-0180,P-036,1,0.15
O-10117,2025-11-19,C-0180,P-029,2,0
O-10118,2025-11-30,C-0071,P-022,1,0.2
O-10119,2025-07-10,C-0047,P-038,2,0.05
O-10120,2025-05-01,C-0103,P-002,1,0
O-10120,2025-05-01,C-0103,P-025,1,0.05
O-10121,2025-12-28,C-0159,P-006,1,0
O-10121,2025-12-28,C-0159,P-019,1,0
O-10121,2025-12-28,C-0159,P-007,2,0
O-10122,2024-04-30,C-0177,P-038,1,0
O-10123,2025-12-20,C-0445,P-013,1,0
O-10123,2025-12-20,C-0445,P-004,1,0
O-10124,2024-12-15,C-0276,P-001,1,0
O-10125,2025-03-29,C-0274,P-040,2,0.2
O-10125,2025-03-29,C-0274,P-019,1,0
O-10126,2024-06-07,C-0380,P-033,2,0
O-10126,2024-06-07,C-0380,P-012,1,0.3
O-10126,2024-06-07,C-0380,P-030,3,0.05
O-10127,2024-04-05,C-0311,P-030,1,0
O-10128,2025-07-11,C-0219,P-020,1,0
O-10128,2025-07-11,C-0219,P-028,1,0
O-10129,2025-03-31,C-0190,P-033,2,0
O-10129,2025-03-31,C-0190,P-004,3,0
O-10129,2025-03-31,C-0190,P-029,2,0
O-10130,2025-10-04,C-0335,P-031,1,0.15
O-10130,2025-10-04,C-0335,P-022,1,0
O-10130,2025-10-04,C-0335,P-007,3,0
O-10131,2025-03-13,C-0264,P-012,1,0.2
O-10131,2025-03-13,C-0264,P-009,3,0.05
O-10131,2025-03-13,C-0264,P-015,1,0.2
O-10132,2024-05-11,C-0079,P-005,1,0.3
O-10133,2024-10-24,C-0334,P-013,1,0
O-10134,2025-06-08,C-0367,P-022,1,0
O-10135,2025-02-06,C-0333,P-022,2,0
O-10135,2025-02-06,C-0333,P-024,1,0
O-10136,2025-05-05,C-0154,P-038,1,0
O-10137,2024-12-28,C-0262,P-005,1,0.15
O-10138,2025-05-27,C-0187,P-019,1,0.15
O-10139,2025-12-21,C-0213,P-012,1,0.1
O-10139,2025-12-21,C-0213,P-038,1,0.3
O-10140,2024-11-29,C-0335,P-004,2,0
O-10141,2025-03-15,C-0247,P-031,1,0
O-10141,2025-03-15,C-0247,P-021,1,0.2
O-10141,2025-03-15,C-0247,P-040,1,0
O-10142,2024-12-10,C-0072,P-001,1,0
O-10142,2024-12-10,C-0072,P-023,3,0
O-10143,2024-11-10,C-0193,P-005,2,0
O-10144,2024-01-16,C-0247,P-010,1,0.1
O-10144,2024-01-16,C-0247,P-030,1,0
O-10144,2024-01-16,C-0247,P-029,1,0
O-10145,2025-12-31,C-0408,P-007,1,0
O-10145,2025-12-31,C-0408,P-001,3,0
O-10145,2025-12-31,C-0408,P-012,1,0
O-10146,2025-11-10,C-0276,P-019,1,0
O-10147,2025-11-13,C-0401,P-012,1,0
O-10147,2025-11-13,C-0401,P-023,1,0
O-10147,2025-11-13,C-0401,P-021,1,0
O-10148,2025-10-08,C-0103,P-024,1,0
O-10148,2025-10-08,C-0103,P-023,1,0
O-10148,2025-10-08,C-0103,P-015,1,0.15
O-10149,2024-07-18,C-0108,P-026,1,0.1
O-10149,2024-07-18,C-0108,P-036,1,0
O-10149,2024-07-18,C-0108,P-028,1,0.05
O-10149,2024-07-18,C-0108,P-034,1,0
O-10150,2025-08-05,C-0370,P-011,2,0.1
O-10151,2025-03-21,C-0082,P-030,1,0
O-10151,2025-03-21,C-0082,P-010,1,0
O-10152,2024-08-07,C-0418,P-019,1,0.1
O-10152,2024-08-07,C-0418,P-003,2,0
O-10153,2024-08-16,C-0290,P-024,1,0.15
O-10154,2025-04-02,C-0110,P-029,1,0.15
O-10154,2025-04-02,C-0110,P-017,1,0
O-10154,2025-04-02,C-0110,P-023,1,0
O-10154,2025-04-02,C-0110,P-030,1,0
O-10155,2024-05-02,C-0416,P-038,3,0.3
O-10156,2024-03-22,C-0244,P-032,2,0.1
O-10157,2025-02-02,C-0432,P-023,1,0
O-10157,2025-02-02,C-0432,P-012,2,0.1
O-10158,2025-04-26,C-0151,P-005,1,0
O-10158,2025-04-26,C-0151,P-007,1,0
O-10159,2024-11-19,C-0240,P-017,1,0.05
O-10160,2025-08-07,C-0225,P-006,1,0
O-10160,2025-08-07,C-0225,P-003,1,0
O-10161,2024-12-17,C-0350,P-034,1,0.1
O-10162,2024-11-23,C-0334,P-001,1,0.15
O-10163,2024-06-05,C-0049,P-006,1,0
O-10163,2024-06-05,C-0049,P-006,1,0
O-10163,2024-06-05,C-0049,P-023,1,0
O-10164,2024-07-15,C-0200,P-007,1,0.3
O-10165,2024-08-23,C-0050,P-004,2,0.1
O-10166,2025-07-14,C-0116,P-007,1,0
O-10166,2025-07-14,C-0116,P-017,1,0
O-10167,2025-11-22,C-0044,P-011,1,0.05
O-10167,2025-11-22,C-0044,P-034,1,0
O-10168,2024-04-16,C-0111,P-008,1,0
O-10168,2024-04-16,C-0111,P-031,1,0
O-10169,2024-11-04,C-0464,P-002,2,0
O-10169,2024-11-04,C-0464,P-022,1,0.1
O-10170,2024-07-20,C-0461,P-030,1,0
O-10170,2024-07-20,C-0461,P-036,1,0
O-10171,2024-11-10,C-0038,P-004,2,0
O-10171,2024-11-10,C-0038,P-017,1,0
O-10172,2025-12-21,C-0290,P-021,2,0
O-10172,2025-12-21,C-0290,P-012,1,0
O-10172,2025-12-21,C-0290,P-004,1,0.3
O-10173,2024-06-18,C-0192,P-038,1,0.3
O-10173,2024-06-18,C-0192,P-022,3,0
O-10174,2025-12-20,C-0393,P-034,1,0
O-10175,2025-01-11,C-0120,P-037,1,0.2
O-10176,2025-06-27,C-0196,P-031,1,0
O-10176,2025-06-27,C-0196,P-038,1,0
O-10177,2025-09-30,C-0334,P-019,1,0
O-10177,2025-09-30,C-0334,P-026,3,0.2
O-10177,2025-09-30,C-0334,P-019,1,0
O-10178,2024-11-12,C-0110,P-034,1,0
O-10179,2024-04-06,C-0137,P-019,1,0.05
O-10179,2024-04-06,C-0137,P-011,1,0
O-10180,2025-11-24,C-0194,P-007,1,0
O-10181,2025-10-19,C-0444,P-014,1,0.3
O-10181,2025-10-19,C-0444,P-009,2,0
O-10181,2025-10-19,C-0444,P-022,1,0
O-10181,2025-10-19,C-0444,P-038,1,0.15
O-10182,2025-08-17,C-0341,P-030,2,0
O-10182,2025-08-17,C-0341,P-007,2,0
O-10182,2025-08-17,C-0341,P-019,1,0
O-10182,2025-08-17,C-0341,P-012,1,0
O-10183,2025-07-27,C-0345,P-034,1,0
O-10183,2025-07-27,C-0345,P-021,1,0
O-10183,2025-07-27,C-0345,P-036,2,0
O-10183,2025-07-27,C-0345,P-017,1,0
O-10184,2024-06-08,C-0302,P-038,1,0
O-10185,2025-12-08,C-0137,P-038,1,0.1
O-10186,2025-08-26,C-0321,P-031,1,0
O-10187,2024-12-21,C-0489,P-033,1,0
O-10187,2024-12-21,C-0489,P-039,2,0
O-10188,2024-09-29,C-0084,P-034,2,0
O-10188,2024-09-29,C-0084,P-007,1,0.1
O-10189,2024-10-30,C-0259,P-037,1,0.15
O-10189,2024-10-30,C-0259,P-039,1,0
O-10190,2025-12-11,C-0101,P-019,1,0
O-10191,2024-12-08,C-0192,P-012,1,0.2
O-10191,2024-12-08,C-0192,P-022,1,0
O-10191,2024-12-08,C-0192,P-037,1,0
O-10191,2024-12-08,C-0192,P-023,1,0.2
O-10192,2025-08-30,C-0139,P-038,1,0
O-10193,2025-06-05,C-0131,P-003,2,0
O-10193,2025-06-05,C-0131,P-016,3,0
O-10194,2024-08-26,C-0038,P-031,1,0
O-10195,2025-10-13,C-0058,P-028,3,0
O-10196,2025-07-16,C-0387,P-038,2,0
O-10197,2024-12-08,C-0403,P-009,2,0
O-10198,2025-03-11,C-0337,P-007,1,0
O-10198,2025-03-11,C-0337,P-019,1,0.1
O-10198,2025-03-11,C-0337,P-025,1,0
O-10199,2024-09-26,C-0423,P-034,1,0
O-10199,2024-09-26,C-0423,P-031,1,0.05
O-10200,2025-08-22,C-0410,P-036,1,0.2
O-10200,2025-08-22,C-0410,P-026,1,0
O-10201,2025-05-15,C-0413,P-010,1,0
O-10202,2025-07-05,C-0487,P-017,1,0
O-10202,2025-07-05,C-0487,P-034,1,0
O-10202,2025-07-05,C-0487,P-027,1,0
O-10203,2024-03-08,C-0220,P-033,1,0.05
O-10203,2024-03-08,C-0220,P-021,1,0.15
O-10204,2025-03-18,C-0117,P-034,1,0.3
O-10204,2025-03-18,C-0117,P-023,1,0.05
O-10205,2025-10-15,C-0135,P-039,1,0
O-10206,2024-04-30,C-0194,P-019,1,0.05
O-10206,2024-04-30,C-0194,P-033,3,0
O-10206,2024-04-30,C-0194,P-040,1,0
O-10206,2024-04-30,C-0194,P-007,1,0
O-10207,2025-07-27,C-0225,P-009,1,0
O-10208,2024-07-12,C-0369,P-019,1,0.1
O-10209,2025-09-15,C-0103,P-034,1,0.05
O-10209,2025-09-15,C-0103,P-038,2,0.05
O-10210,2024-11-20,C-0207,P-028,2,0
O-10210,2024-11-20,C-0207,P-024,1,0
O-10210,2024-11-20,C-0207,P-015,1,0
O-10211,2025-08-19,C-0348,P-002,2,0.15
O-10212,2024-04-25,C-0079,P-021,3,0.15
O-10212,2024-04-25,C-0079,P-021,2,0
O-10213,2024-04-27,C-0281,P-010,1,0
O-10214,2025-11-29,C-0357,P-040,1,0.2
O-10214,2025-11-29,C-0357,P-008,2,0
O-10214,2025-11-29,C-0357,P-007,1,0.3
O-10214,2025-11-29,C-0357,P-017,1,0.05
O-10215,2025-01-16,C-0023,P-023,1,0
O-10215,2025-01-16,C-0023,P-027,2,0
O-10215,2025-01-16,C-0023,P-028,1,0
O-10216,2025-11-27,C-0190,P-025,1,0
O-10217,2025-01-10,C-0291,P-030,1,0
O-10217,2025-01-10,C-0291,P-030,1,0
O-10218,2024-12-11,C-0339,P-012,1,0
O-10218,2024-12-11,C-0339,P-021,1,0.3
O-10219,2024-12-03,C-0352,P-036,1,0
O-10219,2024-12-03,C-0352,P-031,1,0.05
O-10220,2024-08-25,C-0454,P-001,1,0
O-10221,2025-12-10,C-0479,P-003,1,0
O-10221,2025-12-10,C-0479,P-019,1,0
O-10222,2025-01-28,C-0477,P-036,1,0
O-10222,2025-01-28,C-0477,P-022,1,0
O-10223,2025-03-02,C-0477,P-036,1,0
O-10224,2025-06-17,C-0045,P-027,2,0
O-10224,2025-06-17,C-0045,P-030,1,0
O-10225,2025-01-10,C-0337,P-010,1,0
O-10225,2025-01-10,C-0337,P-034,1,0.1
O-10226,2025-07-02,C-0491,P-005,1,0
O-10226,2025-07-02,C-0491,P-005,1,0.05
O-10227,2024-04-08,C-0139,P-014,1,0
O-10228,2024-11-12,C-0099,P-003,1,0.1
O-10229,2025-03-10,C-0225,P-026,1,0.05
O-10230,2025-11-30,C-0419,P-002,1,0.2
O-10230,2025-11-30,C-0419,P-033,1,0
O-10231,2024-10-15,C-0129,P-032,2,0
O-10232,2024-12-03,C-0084,P-038,1,0
O-10233,2025-05-31,C-0377,P-015,2,0
O-10233,2025-05-31,C-0377,P-023,1,0
O-10234,2024-11-22,C-0408,P-031,1,0
O-10235,2024-03-28,C-0083,P-035,1,0
O-10236,2024-03-13,C-0064,P-010,1,0
O-10237,2024-08-28,C-0458,P-022,2,0
O-10237,2024-08-28,C-0458,P-028,1,0.05
O-10237,2024-08-28,C-0458,P-030,1,0
O-10237,2024-08-28,C-0458,P-038,1,0
O-10238,2024-06-19,C-0472,P-017,1,0.05
O-10239,2025-07-15,C-0108,P-040,1,0
O-10240,2025-06-22,C-0299,P-014,1,0
O-10240,2025-06-22,C-0299,P-001,1,0
O-10241,2024-05-01,C-0245,P-029,1,0.1
O-10241,2024-05-01,C-0245,P-037,1,0
O-10241,2024-05-01,C-0245,P-030,1,0.05
O-10241,2024-05-01,C-0245,P-036,1,0
O-10242,2024-07-22,C-0193,P-006,1,0
O-10242,2024-07-22,C-0193,P-016,1,0.05
O-10243,2025-11-27,C-0081,P-025,1,0
O-10243,2025-11-27,C-0081,P-007,1,0.2
O-10244,2024-09-06,C-0047,P-004,1,0
O-10244,2024-09-06,C-0047,P-038,3,0
O-10245,2025-03-27,C-0093,P-031,1,0
O-10246,2025-06-27,C-0438,P-008,2,0.05
O-10246,2025-06-27,C-0438,P-011,1,0
O-10246,2025-06-27,C-0438,P-017,1,0
O-10247,2025-01-22,C-0436,P-029,2,0
O-10248,2024-01-30,C-0218,P-020,2,0
O-10249,2024-05-05,C-0239,P-011,1,0
O-10250,2024-03-17,C-0181,P-038,1,0
O-10251,2024-08-05,C-0372,P-036,3,0.05
O-10251,2024-08-05,C-0372,P-004,1,0
O-10252,2025-03-11,C-0255,P-005,1,0
O-10253,2025-12-12,C-0392,P-033,1,0
O-10254,2024-10-02,C-0394,P-030,1,0
O-10255,2025-03-01,C-0313,P-037,1,0
O-10255,2025-03-01,C-0313,P-002,1,0.3
O-10255,2025-03-01,C-0313,P-007,1,0
O-10256,2025-11-21,C-0162,P-035,1,0
O-10257,2025-07-21,C-0010,P-030,1,0.15
O-10258,2024-12-29,C-0073,P-031,1,0.2
O-10259,2024-01-26,C-0085,P-021,1,0
O-10260,2025-11-08,C-0372,P-010,2,0
O-10260,2025-11-08,C-0372,P-021,1,0.15
O-10261,2024-08-09,C-0479,P-018,1,0
O-10262,2024-01-23,C-0187,P-034,1,0
O-10263,2024-09-10,C-0224,P-030,1,0
O-10263,2024-09-10,C-0224,P-006,3,0
O-10264,2024-05-25,C-0260,P-036,1,0
O-10264,2024-05-25,C-0260,P-008,1,0
O-10265,2024-12-15,C-0446,P-036,3,0
O-10265,2024-12-15,C-0446,P-038,1,0
O-10266,2025-12-01,C-0054,P-013,1,0.1
O-10267,2024-12-20,C-0265,P-033,1,0
O-10267,2024-12-20,C-0265,P-006,1,0
O-10267,2024-12-20,C-0265,P-025,2,0.3
O-10268,2024-07-11,C-0040,P-024,1,0
O-10268,2024-07-11,C-0040,P-012,1,0
O-10268,2024-07-11,C-0040,P-022,1,0
O-10269,2025-08-21,C-0312,P-029,2,0
O-10270,2025-01-25,C-0341,P-028,1,0.1
O-10270,2025-01-25,C-0341,P-040,1,0.3
O-10271,2024-12-15,C-0479,P-011,2,0
O-10271,2024-12-15,C-0479,P-029,2,0
O-10271,2024-12-15,C-0479,P-011,1,0
O-10272,2024-02-07,C-0072,P-019,1,0
O-10273,2025-12-11,C-0287,P-030,1,0
O-10274,2025-01-30,C-0010,P-008,1,0.15
O-10274,2025-01-30,C-0010,P-034,1,0
O-10275,2025-07-24,C-0482,P-031,1,0
O-10276,2025-10-24,C-0300,P-036,1,0
O-10276,2025-10-24,C-0300,P-002,1,0.15
O-10276,2025-10-24,C-0300,P-002,2,0.05
O-10277,2025-07-18,C-0003,P-012,2,0.05
O-10278,2024-01-24,C-0043,P-009,1,0
O-10279,2024-11-18,C-0148,P-036,1,0.15
O-10279,2024-11-18,C-0148,P-008,1,0
O-10280,2025-07-19,C-0132,P-030,1,0
O-10280,2025-07-19,C-0132,P-009,3,0
O-10281,2024-02-29,C-0079,P-017,2,0
O-10281,2024-02-29,C-0079,P-033,2,0
O-10282,2025-05-02,C-0098,P-033,2,0
O-10282,2025-05-02,C-0098,P-005,1,0
O-10283,2024-05-26,C-0099,P-006,1,0
O-10283,2024-05-26,C-0099,P-012,1,0
O-10284,2025-08-07,C-0016,P-011,1,0
O-10284,2025-08-07,C-0016,P-029,1,0.1
O-10285,2025-12-27,C-0498,P-007,1,0
O-10285,2025-12-27,C-0498,P-016,2,0
O-10285,2025-12-27,C-0498,P-030,2,0
O-10286,2025-03-12,C-0154,P-015,1,0
O-10286,2025-03-12,C-0154,P-012,1,0
O-10287,2024-08-28,C-0016,P-032,2,0.2
O-10288,2025-03-17,C-0387,P-004,1,0
O-10289,2024-09-05,C-0336,P-015,1,0.15
O-10290,2025-03-22,C-0388,P-015,1,0.05
O-10290,2025-03-22,C-0388,P-028,1,0
O-10291,2025-12-25,C-0455,P-021,1,0
O-10292,2024-03-17,C-0375,P-019,1,0
O-10292,2024-03-17,C-0375,P-005,3,0
O-10293,2024-10-10,C-0383,P-006,1,0
O-10294,2025-03-19,C-0417,P-008,2,0
O-10295,2024-11-13,C-0065,P-040,1,0
O-10296,2025-08-20,C-0448,P-021,3,0
O-10296,2025-08-20,C-0448,P-013,1,0.1
O-10296,2025-08-20,C-0448,P-031,2,0
O-10297,2025-11-14,C-0256,P-002,1,0.1
O-10297,2025-11-14,C-0256,P-040,1,0
O-10297,2025-11-14,C-0256,P-030,2,0
O-10298,2025-06-24,C-0032,P-011,1,0.15
O-10299,2025-05-18,C-0451,P-015,2,0.15
O-10299,2025-05-18,C-0451,P-038,1,0
O-10299,2025-05-18,C-0451,P-018,1,0.05
O-10299,2025-05-18,C-0451,P-037,1,0
O-10300,2025-11-21,C-0378,P-038,2,0.1
O-10301,2025-08-31,C-0407,P-029,1,0.1
O-10302,2024-08-23,C-0359,P-004,2,0
O-10302,2024-08-23,C-0359,P-015,2,0.3
O-10303,2025-06-20,C-0027,P-023,1,0
O-10303,2025-06-20,C-0027,P-032,2,0.1
O-10303,2025-06-20,C-0027,P-030,1,0
O-10304,2024-05-06,C-0446,P-002,1,0
O-10304,2024-05-06,C-0446,P-021,1,0.2
O-10304,2024-05-06,C-0446,P-015,1,0
O-10305,2025-06-10,C-0446,P-015,1,0.15
O-10305,2025-06-10,C-0446,P-024,1,0
O-10306,2025-10-30,C-0259,P-019,2,0
O-10307,2024-07-24,C-0182,P-039,1,0
O-10308,2025-11-30,C-0018,P-019,2,0
O-10308,2025-11-30,C-0018,P-005,1,0.15
O-10309,2024-04-19,C-0397,P-004,1,0.2
O-10309,2024-04-19,C-0397,P-007,1,0
O-10310,2024-12-19,C-0166,P-022,3,0
O-10310,2024-12-19,C-0166,P-031,1,0.3
O-10310,2024-12-19,C-0166,P-039,3,0
O-10310,2024-12-19,C-0166,P-033,1,0.3
O-10311,2025-11-18,C-0059,P-004,1,0
O-10311,2025-11-18,C-0059,P-037,2,0.1
O-10312,2025-03-02,C-0464,P-007,1,0.2
O-10312,2025-03-02,C-0464,P-007,1,0
O-10313,2024-08-17,C-0111,P-004,2,0.1
O-10313,2024-08-17,C-0111,P-031,1,0
O-10314,2025-03-07,C-0093,P-037,1,0
O-10314,2025-03-07,C-0093,P-030,2,0.1
O-10315,2024-09-24,C-0420,P-004,3,0
O-10315,2024-09-24,C-0420,P-005,1,0.2
O-10315,2024-09-24,C-0420,P-007,1,0
O-10316,2025-12-31,C-0169,P-012,1,0
O-10316,2025-12-31,C-0169,P-019,1,0
O-10317,2024-06-15,C-0113,P-009,1,0
O-10318,2024-07-03,C-0239,P-040,1,0.2
O-10319,2025-03-09,C-0234,P-021,1,0
O-10320,2024-12-04,C-0038,P-030,1,0.2
O-10321,2025-06-15,C-0230,P-023,1,0.2
O-10321,2025-06-15,C-0230,P-016,1,0.2
O-10321,2025-06-15,C-0230,P-038,1,0
O-10322,2025-06-19,C-0373,P-029,1,0
O-10323,2024-12-11,C-0165,P-011,2,0
O-10323,2024-12-11,C-0165,P-024,1,0
O-10324,2024-05-24,C-0452,P-027,2,0
O-10324,2024-05-24,C-0452,P-013,1,0
O-10324,2024-05-24,C-0452,P-023,2,0
O-10324,2024-05-24,C-0452,P-038,1,0
O-10325,2025-05-20,C-0282,P-002,2,0
O-10325,2025-05-20,C-0282,P-034,1,0
O-10325,2025-05-20,C-0282,P-036,1,0
O-10326,2025-12-09,C-0189,P-010,2,0
O-10327,2024-11-01,C-0113,P-007,3,0.05
O-10328,2025-12-12,C-0275,P-005,3,0
O-10328,2025-12-12,C-0275,P-009,2,0.2
O-10328,2025-12-12,C-0275,P-019,1,0.1
O-10329,2025-05-10,C-0488,P-004,1,0
O-10330,2025-07-26,C-0315,P-008,1,0
O-10331,2025-07-03,C-0484,P-040,1,0
O-10332,2024-09-05,C-0118,P-040,2,0
O-10332,2024-09-05,C-0118,P-009,1,0
O-10332,2024-09-05,C-0118,P-031,1,0
O-10332,2024-09-05,C-0118,P-029,1,0
O-10333,2025-09-29,C-0287,P-036,1,0
O-10334,2024-12-09,C-0469,P-038,1,0
O-10334,2024-12-09,C-0469,P-008,1,0
O-10334,2024-12-09,C-0469,P-001,2,0.3
O-10335,2025-12-09,C-0423,P-030,1,0
O-10336,2025-06-26,C-0168,P-025,3,0
O-10337,2025-11-23,C-0098,P-010,1,0
O-10337,2025-11-23,C-0098,P-001,1,0
O-10337,2025-11-23,C-0098,P-028,1,0.15
O-10337,2025-11-23,C-0098,P-007,2,0
O-10338,2024-09-27,C-0460,P-038,2,0
O-10339,2025-09-06,C-0285,P-025,1,0.05
O-10339,2025-09-06,C-0285,P-025,1,0
O-10339,2025-09-06,C-0285,P-036,1,0
O-10340,2025-11-19,C-0406,P-019,1,0
O-10341,2025-11-02,C-0151,P-012,2,0
O-10342,2025-02-28,C-0249,P-031,1,0
O-10343,2024-09-29,C-0322,P-029,1,0.05
O-10344,2025-08-27,C-0076,P-004,3,0
O-10344,2025-08-27,C-0076,P-031,1,0
O-10345,2024-12-01,C-0126,P-003,1,0
O-10345,2024-12-01,C-0126,P-035,2,0
O-10345,2024-12-01,C-0126,P-021,1,0.15
O-10346,2024-11-16,C-0464,P-007,2,0
O-10347,2024-07-05,C-0248,P-008,3,0
O-10348,2025-09-25,C-0127,P-011,2,0
O-10348,2025-09-25,C-0127,P-040,2,0
O-10348,2025-09-25,C-0127,P-023,2,0
O-10349,2024-04-16,C-0457,P-029,2,0
O-10349,2024-04-16,C-0457,P-021,2,0.15
O-10349,2024-04-16,C-0457,P-008,1,0
O-10350,2024-12-14,C-0087,P-021,1,0
O-10351,2024-11-27,C-0276,P-025,1,0.15
O-10351,2024-11-27,C-0276,P-017,1,0.2
O-10352,2025-04-28,C-0482,P-023,1,0
O-10353,2024-07-21,C-0066,P-027,1,0.15
O-10354,2025-01-29,C-0463,P-039,1,0
O-10355,2024-07-07,C-0098,P-030,2,0
O-10356,2024-12-21,C-0108,P-022,1,0.1
O-10357,2025-06-30,C-0344,P-040,1,0.05
O-10357,2025-06-30,C-0344,P-012,3,0
O-10357,2025-06-30,C-0344,P-013,2,0
O-10358,2025-03-06,C-0176,P-023,1,0
O-10358,2025-03-06,C-0176,P-040,2,0
O-10359,2024-07-26,C-0064,P-031,3,0
O-10359,2024-07-26,C-0064,P-017,3,0
O-10360,2025-05-10,C-0351,P-034,2,0
O-10361,2024-12-24,C-0437,P-002,1,0
O-10362,2025-03-19,C-0192,P-017,1,0.15
O-10363,2024-09-07,C-0074,P-007,1,0.1
O-10364,2024-10-31,C-0283,P-021,1,0.05
O-10365,2024-08-19,C-0073,P-001,2,0
O-10365,2024-08-19,C-0073,P-031,2,0
O-10365,2024-08-19,C-0073,P-019,1,0
O-10366,2025-12-23,C-0497,P-040,1,0
O-10367,2025-12-04,C-0102,P-031,2,0
O-10368,2024-03-28,C-0378,P-032,1,0
O-10369,2024-06-24,C-0214,P-006,1,0.3
O-10369,2024-06-24,C-0214,P-004,1,0.1
O-10369,2024-06-24,C-0214,P-034,2,0
O-10369,2024-06-24,C-0214,P-003,1,0
O-10370,2025-08-26,C-0098,P-011,1,0
O-10371,2025-01-08,C-0122,P-030,1,0
O-10372,2024-12-15,C-0267,P-017,1,0
O-10373,2024-11-10,C-0020,P-034,1,0
O-10374,2024-03-06,C-0099,P-027,1,0
O-10375,2024-09-05,C-0051,P-024,1,0
O-10375,2024-09-05,C-0051,P-025,2,0
O-10375,2024-09-05,C-0051,P-004,1,0
O-10376,2024-01-26,C-0096,P-030,2,0.05
O-10376,2024-01-26,C-0096,P-006,1,0
O-10376,2024-01-26,C-0096,P-025,2,0
O-10376,2024-01-26,C-0096,P-030,1,0.15
O-10377,2024-06-15,C-0217,P-007,1,0
O-10378,2024-08-18,C-0454,P-012,1,0.05
O-10378,2024-08-18,C-0454,P-029,1,0
O-10379,2024-11-20,C-0439,P-015,2,0.3
O-10379,2024-11-20,C-0439,P-019,3,0.3
O-10379,2024-11-20,C-0439,P-023,1,0
O-10379,2024-11-20,C-0439,P-030,1,0
O-10380,2025-04-10,C-0495,P-029,1,0
O-10380,2025-04-10,C-0495,P-019,1,0
O-10381,2024-10-15,C-0062,P-019,1,0
O-10381,2024-10-15,C-0062,P-030,2,0
O-10382,2025-03-29,C-0149,P-002,1,0
O-10382,2025-03-29,C-0149,P-029,2,0.15
O-10382,2025-03-29,C-0149,P-020,1,0
O-10383,2025-06-21,C-0414,P-019,2,0
O-10383,2025-06-21,C-0414,P-017,1,0
O-10383,2025-06-21,C-0414,P-016,1,0
O-10383,2025-06-21,C-0414,P-026,2,0.15
O-10384,2025-10-10,C-0117,P-006,2,0.2
O-10385,2024-04-20,C-0101,P-003,1,0
O-10385,2024-04-20,C-0101,P-019,3,0
O-10385,2024-04-20,C-0101,P-007,1,0
O-10386,2025-07-29,C-0176,P-029,1,0
O-10387,2024-06-25,C-0031,P-007,2,0
O-10388,2024-04-29,C-0137,P-040,3,0.2
O-10389,2024-12-07,C-0190,P-017,2,0
O-10390,2025-07-07,C-0312,P-002,1,0
O-10391,2024-10-15,C-0103,P-037,1,0
O-10391,2024-10-15,C-0103,P-025,1,0
O-10391,2024-10-15,C-0103,P-015,1,0
O-10392,2025-03-02,C-0064,P-015,1,0
O-10393,2025-11-26,C-0061,P-012,2,0
O-10393,2025-11-26,C-0061,P-025,1,0
O-10393,2025-11-26,C-0061,P-033,2,0
O-10393,2025-11-26,C-0061,P-032,1,0.05
O-10394,2025-06-27,C-0228,P-008,1,0
O-10394,2025-06-27,C-0228,P-039,1,0.15
O-10395,2025-09-04,C-0374,P-036,1,0.05
O-10395,2025-09-04,C-0374,P-004,2,0
O-10395,2025-09-04,C-0374,P-001,1,0
O-10395,2025-09-04,C-0374,P-038,1,0
O-10396,2025-07-30,C-0052,P-006,1,0
O-10397,2024-08-04,C-0193,P-026,1,0
O-10397,2024-08-04,C-0193,P-031,1,0.05
O-10397,2024-08-04,C-0193,P-017,3,0
O-10398,2024-05-25,C-0340,P-008,1,0.1
O-10399,2024-12-12,C-0084,P-029,1,0
O-10399,2024-12-12,C-0084,P-011,2,0
O-10400,2025-11-01,C-0188,P-002,1,0.2
O-10400,2025-11-01,C-0188,P-029,1,0
O-10401,2024-07-15,C-0091,P-030,1,0
O-10401,2024-07-15,C-0091,P-007,1,0
O-10402,2025-03-01,C-0157,P-007,1,0
O-10402,2025-03-01,C-0157,P-007,1,0
O-10403,2025-03-31,C-0308,P-024,1,0
O-10403,2025-03-31,C-0308,P-034,1,0.15
O-10404,2025-02-12,C-0274,P-004,3,0
O-10405,2025-06-01,C-0295,P-022,1,0.05
O-10405,2025-06-01,C-0295,P-008,2,0
O-10406,2024-01-16,C-0447,P-034,1,0
O-10407,2025-11-12,C-0104,P-016,1,0
O-10407,2025-11-12,C-0104,P-004,1,0
O-10407,2025-11-12,C-0104,P-007,1,0
O-10408,2024-09-30,C-0459,P-036,3,0
O-10408,2024-09-30,C-0459,P-033,1,0.05
O-10408,2024-09-30,C-0459,P-030,1,0
O-10409,2025-12-04,C-0275,P-036,1,0
O-10409,2025-12-04,C-0275,P-021,2,0
O-10410,2024-07-14,C-0477,P-031,2,0
O-10411,2025-07-18,C-0197,P-011,3,0
O-10412,2025-03-02,C-0249,P-031,2,0.15
O-10413,2024-12-12,C-0083,P-038,3,0
O-10414,2025-09-08,C-0211,P-040,1,0.1
O-10415,2024-11-20,C-0407,P-013,1,0
O-10416,2024-12-01,C-0288,P-019,1,0.15
O-10417,2025-10-01,C-0073,P-024,2,0.1
O-10417,2025-10-01,C-0073,P-013,2,0.2
O-10418,2025-10-19,C-0217,P-038,1,0
O-10418,2025-10-19,C-0217,P-019,1,0
O-10419,2024-08-04,C-0434,P-007,1,0
O-10420,2024-07-09,C-0237,P-019,1,0.05
O-10421,2025-12-24,C-0437,P-036,1,0
O-10422,2024-12-27,C-0427,P-028,1,0.1
O-10422,2024-12-27,C-0427,P-028,1,0
O-10422,2024-12-27,C-0427,P-004,1,0
O-10422,2024-12-27,C-0427,P-007,1,0.05
O-10423,2024-03-09,C-0285,P-009,1,0
O-10423,2024-03-09,C-0285,P-034,1,0
O-10423,2024-03-09,C-0285,P-001,2,0
O-10424,2024-08-25,C-0442,P-031,2,0
O-10425,2025-08-27,C-0223,P-002,1,0
O-10426,2024-11-02,C-0193,P-023,1,0
O-10426,2024-11-02,C-0193,P-027,2,0.2
O-10427,2025-04-30,C-0265,P-013,2,0.2
O-10427,2025-04-30,C-0265,P-010,1,0
O-10428,2025-12-14,C-0452,P-022,1,0
O-10428,2025-12-14,C-0452,P-037,1,0
O-10428,2025-12-14,C-0452,P-012,1,0
O-10428,2025-12-14,C-0452,P-009,2,0.2
O-10429,2025-07-29,C-0367,P-028,1,0
O-10430,2024-01-22,C-0219,P-026,1,0
O-10431,2025-07-01,C-0146,P-014,1,0.05
O-10431,2025-07-01,C-0146,P-005,1,0.15
O-10432,2024-01-26,C-0364,P-009,1,0
O-10433,2024-12-18,C-0064,P-014,3,0
O-10434,2024-12-27,C-0116,P-015,1,0.2
O-10434,2024-12-27,C-0116,P-022,1,0.3
O-10434,2024-12-27,C-0116,P-003,1,0.1
O-10434,2024-12-27,C-0116,P-007,1,0
O-10435,2024-11-24,C-0301,P-007,1,0.05
O-10436,2025-04-11,C-0207,P-019,2,0
O-10437,2025-05-01,C-0357,P-038,1,0
O-10438,2025-08-01,C-0011,P-007,1,0
O-10439,2024-06-07,C-0114,P-005,1,0
O-10440,2024-05-25,C-0410,P-012,1,0.05
O-10441,2025-04-13,C-0488,P-029,1,0
O-10442,2024-04-30,C-0213,P-010,2,0.2
O-10442,2024-04-30,C-0213,P-013,1,0
O-10443,2025-01-10,C-0164,P-028,1,0
O-10443,2025-01-10,C-0164,P-022,1,0
O-10444,2024-11-03,C-0417,P-014,1,0.3
O-10445,2024-09-26,C-0490,P-040,3,0
O-10445,2024-09-26,C-0490,P-034,1,0
O-10445,2024-09-26,C-0490,P-040,1,0.3
O-10446,2024-01-16,C-0130,P-017,1,0.2
O-10446,2024-01-16,C-0130,P-021,2,0
O-10447,2025-06-25,C-0055,P-028,1,0
O-10448,2024-07-10,C-0479,P-019,1,0
O-10449,2025-08-20,C-0326,P-024,1,0
O-10450,2025-12-13,C-0481,P-040,1,0.1
O-10450,2025-12-13,C-0481,P-029,1,0
O-10451,2024-06-24,C-0179,P-036,1,0
O-10451,2024-06-24,C-0179,P-026,3,0.1
O-10452,2025-11-05,C-0337,P-007,1,0
O-10453,2024-11-13,C-0053,P-030,1,0.15
O-10454,2025-12-21,C-0146,P-010,2,0.1
O-10455,2024-12-02,C-0008,P-017,1,0.1
O-10455,2024-12-02,C-0008,P-018,1,0
O-10455,2024-12-02,C-0008,P-021,1,0
O-10456,2024-04-08,C-0221,P-004,1,0
O-10457,2025-11-05,C-0381,P-027,1,0.2
O-10457,2025-11-05,C-0381,P-024,2,0
O-10458,2025-03-26,C-0133,P-009,2,0
O-10459,2025-09-20,C-0314,P-038,2,0
O-10459,2025-09-20,C-0314,P-015,3,0
O-10460,2024-04-20,C-0168,P-038,1,0
O-10460,2024-04-20,C-0168,P-038,2,0
O-10461,2025-01-14,C-0379,P-006,1,0.1
O-10462,2025-08-22,C-0341,P-010,1,0
O-10462,2025-08-22,C-0341,P-009,1,0.2
O-10463,2025-10-01,C-0315,P-040,1,0
O-10464,2025-01-07,C-0010,P-019,3,0
O-10465,2025-11-07,C-0388,P-012,1,0
O-10465,2025-11-07,C-0388,P-018,1,0
O-10466,2024-11-06,C-0302,P-010,1,0
O-10466,2024-11-06,C-0302,P-005,1,0
O-10466,2024-11-06,C-0302,P-034,1,0.05
O-10466,2024-11-06,C-0302,P-025,1,0
O-10467,2024-12-04,C-0132,P-004,1,0
O-10467,2024-12-04,C-0132,P-021,1,0
O-10468,2025-08-13,C-0400,P-006,1,0.15
O-10468,2025-08-13,C-0400,P-004,2,0
O-10469,2024-09-28,C-0459,P-037,1,0
O-10469,2024-09-28,C-0459,P-017,1,0.3
O-10469,2024-09-28,C-0459,P-004,1,0
O-10470,2025-10-27,C-0199,P-033,1,0
O-10470,2025-10-27,C-0199,P-036,1,0
O-10470,2025-10-27,C-0199,P-007,2,0
O-10471,2025-11-26,C-0025,P-029,1,0.05
O-10472,2025-09-09,C-0125,P-008,1,0.1
O-10472,2025-09-09,C-0125,P-031,2,0.15
O-10472,2025-09-09,C-0125,P-027,1,0.05
O-10473,2024-08-30,C-0257,P-016,2,0
O-10474,2025-04-09,C-0387,P-002,1,0
O-10474,2025-04-09,C-0387,P-038,1,0.2
O-10474,2025-04-09,C-0387,P-034,1,0.15
O-10474,2025-04-09,C-0387,P-015,1,0
O-10475,2024-10-25,C-0352,P-007,2,0
O-10475,2024-10-25,C-0352,P-007,2,0.1
O-10476,2025-11-21,C-0079,P-037,1,0.15
O-10477,2024-04-15,C-0382,P-028,2,0.15
O-10477,2024-04-15,C-0382,P-040,1,0
O-10478,2025-07-25,C-0195,P-029,1,0.3
O-10479,2025-03-28,C-0072,P-036,1,0
O-10479,2025-03-28,C-0072,P-029,1,0.05
O-10479,2025-03-28,C-0072,P-014,1,0
O-10480,2025-09-14,C-0231,P-008,1,0
O-10480,2025-09-14,C-0231,P-036,1,0
O-10480,2025-09-14,C-0231,P-031,1,0
O-10481,2024-04-01,C-0125,P-036,1,0
O-10481,2024-04-01,C-0125,P-002,1,0
O-10482,2025-09-28,C-0359,P-022,1,0
O-10482,2025-09-28,C-0359,P-017,1,0
O-10483,2025-08-19,C-0110,P-013,2,0
O-10484,2025-01-29,C-0190,P-038,1,0
O-10484,2025-01-29,C-0190,P-036,1,0
O-10484,2025-01-29,C-0190,P-005,1,0.1
O-10485,2025-03-03,C-0098,P-036,2,0.15
O-10486,2024-11-30,C-0065,P-031,3,0
O-10486,2024-11-30,C-0065,P-014,1,0
O-10487,2025-01-01,C-0231,P-037,3,0
O-10487,2025-01-01,C-0231,P-040,1,0.3
O-10487,2025-01-01,C-0231,P-036,1,0.05
O-10488,2024-09-26,C-0267,P-036,2,0
O-10489,2024-01-21,C-0498,P-030,1,0
O-10489,2024-01-21,C-0498,P-028,3,0
O-10490,2024-07-19,C-0187,P-029,1,0
O-10490,2024-07-19,C-0187,P-017,1,0
O-10491,2024-05-03,C-0374,P-038,1,0
O-10491,2024-05-03,C-0374,P-028,1,0
O-10492,2025-02-27,C-0496,P-017,3,0.05
O-10493,2025-12-24,C-0281,P-004,1,0
O-10494,2025-09-23,C-0446,P-032,1,0
O-10495,2025-03-20,C-0023,P-029,1,0
O-10496,2025-12-02,C-0409,P-004,1,0
O-10497,2024-08-07,C-0024,P-003,2,0
O-10498,2024-10-01,C-0220,P-009,1,0.2
O-10499,2025-12-12,C-0451,P-007,2,0.3
O-10499,2025-12-12,C-0451,P-004,1,0
O-10500,2024-09-25,C-0120,P-024,1,0
O-10500,2024-09-25,C-0120,P-015,1,0
O-10500,2024-09-25,C-0120,P-019,1,0
O-10501,2025-02-18,C-0285,P-010,1,0
O-10502,2025-01-27,C-0178,P-038,1,0.3
O-10502,2025-01-27,C-0178,P-036,1,0
O-10503,2024-12-06,C-0385,P-010,2,0
O-10504,2025-09-01,C-0244,P-031,1,0
O-10505,2024-01-01,C-0131,P-031,1,0
O-10505,2024-01-01,C-0131,P-030,1,0
O-10506,2025-03-22,C-0299,P-009,1,0
O-10506,2025-03-22,C-0299,P-005,1,0.3
O-10507,2024-06-03,C-0205,P-017,1,0.15
O-10508,2024-09-04,C-0257,P-036,3,0
O-10509,2025-08-28,C-0350,P-012,3,0.05
O-10509,2025-08-28,C-0350,P-011,1,0.2
O-10510,2024-09-15,C-0172,P-028,1,0
O-10510,2024-09-15,C-0172,P-039,1,0
O-10511,2025-06-10,C-0172,P-019,1,0.2
O-10512,2024-10-27,C-0262,P-030,1,0.15
O-10512,2024-10-27,C-0262,P-024,1,0
O-10513,2024-05-22,C-0445,P-005,3,0.05
O-10513,2024-05-22,C-0445,P-009,1,0
O-10514,2025-07-08,C-0246,P-017,1,0
O-10514,2025-07-08,C-0246,P-011,1,0
O-10514,2025-07-08,C-0246,P-004,1,0
O-10515,2024-11-18,C-0243,P-036,3,0
O-10516,2025-03-07,C-0077,P-014,1,0
O-10517,2024-03-28,C-0239,P-010,2,0
O-10517,2024-03-28,C-0239,P-021,1,0
O-10518,2025-02-22,C-0485,P-020,3,0
O-10518,2025-02-22,C-0485,P-031,1,0
O-10519,2024-07-09,C-0277,P-017,1,0
O-10519,2024-07-09,C-0277,P-023,1,0
O-10520,2025-10-11,C-0229,P-016,2,0.1
O-10521,2025-02-07,C-0041,P-029,1,0.05
O-10521,2025-02-07,C-0041,P-039,1,0.05
O-10521,2025-02-07,C-0041,P-026,1,0.2
O-10522,2025-12-10,C-0333,P-038,1,0
O-10523,2025-03-16,C-0137,P-010,2,0
O-10524,2024-01-28,C-0317,P-012,1,0
O-10524,2024-01-28,C-0317,P-037,1,0
O-10525,2025-02-26,C-0493,P-025,2,0.2
O-10526,2025-07-18,C-0245,P-007,1,0.1
O-10527,2025-02-23,C-0464,P-005,1,0.15
O-10528,2025-04-19,C-0447,P-022,3,0
O-10529,2024-01-17,C-0166,P-007,1,0
O-10530,2025-12-03,C-0242,P-030,2,0.15
O-10530,2025-12-03,C-0242,P-031,1,0
O-10530,2025-12-03,C-0242,P-029,1,0
O-10531,2024-02-17,C-0276,P-015,2,0.2
O-10532,2024-04-24,C-0364,P-028,2,0
O-10532,2024-04-24,C-0364,P-024,3,0
O-10533,2025-06-22,C-0293,P-031,1,0
O-10534,2024-12-23,C-0209,P-024,1,0
O-10535,2024-12-23,C-0187,P-005,1,0.2
O-10535,2024-12-23,C-0187,P-021,1,0
O-10535,2024-12-23,C-0187,P-003,1,0
O-10535,2024-12-23,C-0187,P-004,2,0.15
O-10536,2025-11-29,C-0455,P-029,1,0.2
O-10537,2024-12-31,C-0061,P-034,2,0
O-10538,2024-11-18,C-0408,P-032,2,0.2
O-10538,2024-11-18,C-0408,P-030,1,0.3
O-10539,2025-01-23,C-0448,P-027,1,0
O-10539,2025-01-23,C-0448,P-019,1,0.05
O-10539,2025-01-23,C-0448,P-025,1,0
O-10539,2025-01-23,C-0448,P-037,1,0
O-10540,2025-11-05,C-0366,P-040,2,0
O-10541,2025-11-15,C-0011,P-038,1,0
O-10542,2025-11-05,C-0221,P-010,2,0
O-10543,2024-06-05,C-0489,P-038,1,0
O-10544,2025-08-09,C-0149,P-010,1,0
O-10544,2025-08-09,C-0149,P-019,2,0.1
O-10545,2024-12-09,C-0379,P-021,1,0.05
O-10546,2024-12-23,C-0459,P-040,1,0
O-10547,2024-12-03,C-0137,P-036,1,0
O-10548,2025-01-13,C-0263,P-008,1,0
O-10549,2025-03-28,C-0002,P-019,1,0
O-10549,2025-03-28,C-0002,P-010,2,0
O-10550,2024-11-08,C-0126,P-013,1,0.05
O-10551,2025-07-20,C-0445,P-006,1,0
O-10551,2025-07-20,C-0445,P-012,1,0.3
O-10552,2025-11-13,C-0099,P-023,2,0
O-10553,2025-11-07,C-0154,P-031,1,0.3
O-10553,2025-11-07,C-0154,P-014,1,0
O-10553,2025-11-07,C-0154,P-033,3,0
O-10553,2025-11-07,C-0154,P-029,1,0
O-10554,2024-04-05,C-0492,P-026,1,0
O-10555,2024-12-28,C-0464,P-008,1,0
O-10556,2025-03-02,C-0094,P-006,1,0
O-10556,2025-03-02,C-0094,P-022,1,0
O-10556,2025-03-02,C-0094,P-030,2,0
O-10557,2024-02-16,C-0416,P-015,1,0
O-10558,2025-09-22,C-0069,P-035,1,0
O-10559,2025-07-12,C-0397,P-007,1,0
O-10560,2024-05-21,C-0085,P-007,1,0
O-10561,2025-04-04,C-0200,P-005,1,0.05
O-10561,2025-04-04,C-0200,P-031,1,0.3
O-10561,2025-04-04,C-0200,P-036,1,0
O-10562,2024-06-07,C-0166,P-002,1,0
O-10562,2024-06-07,C-0166,P-038,1,0.15
O-10562,2024-06-07,C-0166,P-015,1,0.05
O-10563,2024-11-28,C-0172,P-034,1,0.15
O-10564,2024-10-26,C-0356,P-015,1,0.3
O-10565,2024-12-13,C-0430,P-024,1,0
O-10565,2024-12-13,C-0430,P-036,2,0
O-10566,2024-04-03,C-0100,P-003,2,0
O-10566,2024-04-03,C-0100,P-024,1,0
O-10566,2024-04-03,C-0100,P-024,1,0.05
O-10566,2024-04-03,C-0100,P-029,3,0
O-10567,2025-05-31,C-0416,P-012,1,0.1
O-10568,2024-12-01,C-0443,P-035,2,0.3
O-10569,2024-12-10,C-0239,P-039,2,0
O-10570,2024-10-26,C-0368,P-033,1,0.3
O-10571,2025-01-05,C-0280,P-022,3,0
O-10571,2025-01-05,C-0280,P-037,2,0
O-10571,2025-01-05,C-0280,P-035,1,0
O-10572,2025-07-30,C-0412,P-040,1,0
O-10573,2024-05-11,C-0040,P-015,1,0
O-10573,2024-05-11,C-0040,P-005,2,0.3
O-10574,2025-12-07,C-0289,P-023,1,0.1
O-10575,2025-10-27,C-0040,P-016,1,0
O-10576,2025-12-27,C-0418,P-011,1,0
O-10576,2025-12-27,C-0418,P-013,1,0
O-10576,2025-12-27,C-0418,P-014,1,0
O-10576,2025-12-27,C-0418,P-026,1,0.1
O-10577,2025-01-21,C-0229,P-003,1,0
O-10578,2024-07-06,C-0430,P-035,2,0
O-10578,2024-07-06,C-0430,P-008,1,0.3
O-10578,2024-07-06,C-0430,P-006,1,0
O-10579,2024-11-18,C-0299,P-034,1,0.15
O-10580,2025-10-19,C-0074,P-002,2,0.2
O-10580,2025-10-19,C-0074,P-023,2,0.3
O-10581,2024-04-22,C-0187,P-023,3,0
O-10581,2024-04-22,C-0187,P-002,3,0
O-10581,2024-04-22,C-0187,P-024,1,0
O-10581,2024-04-22,C-0187,P-038,3,0.15
O-10582,2025-11-29,C-0378,P-002,1,0
O-10583,2024-02-26,C-0033,P-022,1,0
O-10583,2024-02-26,C-0033,P-016,1,0
O-10584,2024-04-16,C-0478,P-032,2,0
O-10584,2024-04-16,C-0478,P-012,1,0.15
O-10585,2025-12-08,C-0171,P-021,2,0
O-10585,2025-12-08,C-0171,P-027,1,0.05
O-10585,2025-12-08,C-0171,P-036,1,0
O-10586,2025-04-22,C-0076,P-019,1,0
O-10586,2025-04-22,C-0076,P-025,1,0
O-10586,2025-04-22,C-0076,P-005,2,0
O-10587,2024-09-07,C-0405,P-036,1,0
O-10587,2024-09-07,C-0405,P-031,1,0
O-10587,2024-09-07,C-0405,P-002,1,0
O-10588,2025-05-03,C-0490,P-004,1,0
O-10589,2024-08-06,C-0218,P-015,1,0
O-10589,2024-08-06,C-0218,P-008,1,0.15
O-10589,2024-08-06,C-0218,P-017,1,0
O-10589,2024-08-06,C-0218,P-029,1,0
O-10590,2025-02-12,C-0039,P-033,2,0
O-10591,2025-07-05,C-0204,P-017,1,0.2
O-10591,2025-07-05,C-0204,P-009,1,0
O-10591,2025-07-05,C-0204,P-037,3,0
O-10591,2025-07-05,C-0204,P-015,1,0
O-10592,2025-08-18,C-0126,P-040,1,0.2
O-10592,2025-08-18,C-0126,P-023,2,0
O-10593,2024-08-11,C-0418,P-004,1,0
O-10594,2025-01-14,C-0483,P-021,1,0
O-10594,2025-01-14,C-0483,P-022,1,0.1
O-10594,2025-01-14,C-0483,P-010,2,0
O-10595,2025-12-17,C-0178,P-023,1,0.05
O-10595,2025-12-17,C-0178,P-038,3,0.3
O-10596,2024-03-07,C-0335,P-030,3,0
O-10597,2025-12-18,C-0486,P-031,1,0.05
O-10597,2025-12-18,C-0486,P-038,2,0.1
O-10597,2025-12-18,C-0486,P-025,1,0.2
O-10598,2024-11-02,C-0134,P-023,1,0
O-10598,2024-11-02,C-0134,P-016,1,0.2
O-10598,2024-11-02,C-0134,P-034,1,0
O-10599,2024-04-29,C-0365,P-033,2,0
O-10599,2024-04-29,C-0365,P-001,1,0.3
O-10599,2024-04-29,C-0365,P-039,1,0
O-10600,2025-07-12,C-0302,P-022,1,0.3
O-10600,2025-07-12,C-0302,P-025,3,0.05
O-10601,2024-03-31,C-0375,P-015,1,0.05
O-10602,2024-11-17,C-0335,P-034,1,0
O-10603,2024-01-08,C-0104,P-010,1,0.1
O-10603,2024-01-08,C-0104,P-015,2,0.3
O-10603,2024-01-08,C-0104,P-011,3,0
O-10603,2024-01-08,C-0104,P-005,1,0
O-10604,2025-02-03,C-0432,P-030,1,0
O-10605,2024-05-13,C-0445,P-027,1,0
O-10606,2024-11-17,C-0321,P-020,3,0
O-10607,2025-12-18,C-0230,P-011,1,0
O-10607,2025-12-18,C-0230,P-037,1,0
O-10607,2025-12-18,C-0230,P-033,1,0
O-10608,2025-08-15,C-0270,P-004,3,0.1
O-10608,2025-08-15,C-0270,P-034,1,0
O-10609,2025-03-28,C-0184,P-021,2,0
O-10609,2025-03-28,C-0184,P-035,1,0
O-10609,2025-03-28,C-0184,P-015,1,0
O-10610,2024-10-30,C-0297,P-028,1,0
O-10610,2024-10-30,C-0297,P-029,2,0
O-10611,2024-05-23,C-0469,P-040,1,0
O-10612,2025-03-27,C-0098,P-034,1,0
O-10612,2025-03-27,C-0098,P-009,1,0.15
O-10613,2024-03-25,C-0384,P-016,1,0.2
O-10614,2024-09-30,C-0101,P-006,1,0
O-10615,2024-12-16,C-0211,P-008,2,0
O-10616,2025-06-26,C-0074,P-030,3,0
O-10616,2025-06-26,C-0074,P-038,1,0
O-10617,2024-12-07,C-0232,P-015,1,0.05
O-10617,2024-12-07,C-0232,P-025,1,0
O-10618,2024-04-12,C-0282,P-005,2,0
O-10618,2024-04-12,C-0282,P-025,1,0
O-10619,2025-12-12,C-0197,P-023,2,0.3
O-10620,2025-11-29,C-0400,P-004,1,0
O-10620,2025-11-29,C-0400,P-008,1,0.2
O-10620,2025-11-29,C-0400,P-032,1,0.2
O-10621,2025-09-26,C-0205,P-014,3,0
O-10622,2025-08-18,C-0357,P-030,1,0
O-10622,2025-08-18,C-0357,P-022,1,0
O-10622,2025-08-18,C-0357,P-034,1,0
O-10623,2024-03-24,C-0444,P-040,1,0
O-10624,2024-11-13,C-0309,P-027,1,0
O-10625,2024-06-06,C-0388,P-019,1,0.1
O-10626,2024-05-20,C-0106,P-018,1,0.2
O-10627,2025-04-30,C-0259,P-025,2,0
O-10628,2025-07-14,C-0362,P-040,1,0.15
O-10629,2024-11-29,C-0322,P-038,1,0
O-10630,2025-11-23,C-0114,P-021,3,0
O-10631,2024-07-26,C-0398,P-019,2,0.05
O-10632,2024-05-05,C-0447,P-034,1,0.2
O-10633,2024-11-27,C-0427,P-007,2,0
O-10633,2024-11-27,C-0427,P-010,1,0
O-10633,2024-11-27,C-0427,P-011,1,0
O-10634,2024-12-10,C-0364,P-011,2,0
O-10634,2024-12-10,C-0364,P-006,1,0.15
O-10635,2025-11-15,C-0085,P-007,1,0
O-10636,2025-01-13,C-0233,P-030,1,0
O-10637,2025-11-01,C-0466,P-040,1,0
O-10637,2025-11-01,C-0466,P-020,1,0.05
O-10637,2025-11-01,C-0466,P-007,1,0.2
O-10638,2024-06-20,C-0157,P-017,1,0
O-10639,2025-12-15,C-0200,P-021,1,0
O-10639,2025-12-15,C-0200,P-040,1,0.05
O-10640,2024-08-11,C-0027,P-004,1,0.15
O-10641,2024-04-16,C-0350,P-007,1,0
O-10641,2024-04-16,C-0350,P-031,2,0
O-10641,2024-04-16,C-0350,P-015,1,0
O-10642,2024-11-13,C-0119,P-024,1,0
O-10642,2024-11-13,C-0119,P-016,1,0.2
O-10643,2025-12-16,C-0124,P-010,1,0
O-10644,2024-05-22,C-0383,P-039,1,0
O-10644,2024-05-22,C-0383,P-024,1,0.05
O-10645,2025-10-01,C-0449,P-026,1,0
O-10645,2025-10-01,C-0449,P-027,2,0
O-10646,2024-05-02,C-0114,P-005,1,0
O-10646,2024-05-02,C-0114,P-033,1,0
O-10647,2025-12-18,C-0289,P-024,2,0
O-10648,2024-12-27,C-0287,P-028,1,0
O-10648,2024-12-27,C-0287,P-015,1,0.05
O-10648,2024-12-27,C-0287,P-036,1,0
O-10648,2024-12-27,C-0287,P-021,2,0.05
O-10649,2024-10-11,C-0129,P-023,1,0.2
O-10650,2024-08-23,C-0167,P-014,1,0
O-10651,2024-10-31,C-0292,P-002,2,0
O-10651,2024-10-31,C-0292,P-027,1,0
O-10652,2024-12-01,C-0117,P-020,2,0
O-10653,2025-03-07,C-0430,P-028,1,0
O-10654,2025-07-22,C-0209,P-016,1,0
O-10655,2025-12-12,C-0195,P-039,1,0
O-10656,2025-03-31,C-0178,P-008,1,0
O-10657,2024-12-03,C-0053,P-003,1,0
O-10657,2024-12-03,C-0053,P-002,1,0
O-10658,2025-07-07,C-0047,P-009,2,0.05
O-10658,2025-07-07,C-0047,P-012,3,0
O-10659,2025-07-04,C-0095,P-017,1,0.3
O-10659,2025-07-04,C-0095,P-019,3,0
O-10660,2024-11-09,C-0377,P-037,2,0.1
O-10660,2024-11-09,C-0377,P-037,2,0
O-10660,2024-11-09,C-0377,P-036,1,0.2
O-10661,2025-12-27,C-0162,P-032,2,0.1
O-10661,2025-12-27,C-0162,P-021,1,0
O-10661,2025-12-27,C-0162,P-030,1,0
O-10662,2024-12-21,C-0359,P-007,1,0
O-10663,2024-03-16,C-0137,P-012,2,0
O-10663,2024-03-16,C-0137,P-005,1,0.15
O-10663,2024-03-16,C-0137,P-004,2,0
O-10663,2024-03-16,C-0137,P-021,1,0
O-10664,2024-07-03,C-0350,P-015,2,0
O-10665,2025-03-03,C-0357,P-017,1,0
O-10666,2024-11-19,C-0021,P-037,1,0
O-10666,2024-11-19,C-0021,P-035,1,0.1
O-10666,2024-11-19,C-0021,P-026,2,0
O-10666,2024-11-19,C-0021,P-034,1,0.1
O-10667,2024-09-07,C-0203,P-004,2,0
O-10668,2025-02-08,C-0271,P-004,1,0
O-10668,2025-02-08,C-0271,P-023,1,0
O-10668,2025-02-08,C-0271,P-011,1,0
O-10669,2025-12-09,C-0452,P-013,1,0
O-10669,2025-12-09,C-0452,P-017,1,0
O-10669,2025-12-09,C-0452,P-039,2,0
O-10669,2025-12-09,C-0452,P-013,3,0
O-10670,2025-11-05,C-0428,P-038,1,0
O-10671,2024-12-23,C-0302,P-036,2,0
O-10672,2024-01-09,C-0388,P-029,1,0
O-10672,2024-01-09,C-0388,P-037,1,0
O-10673,2025-12-22,C-0100,P-004,1,0.1
O-10673,2025-12-22,C-0100,P-007,2,0
O-10674,2025-12-05,C-0072,P-009,1,0.3
O-10675,2024-06-29,C-0170,P-036,2,0
O-10676,2025-12-29,C-0033,P-015,1,0.15
O-10677,2025-12-29,C-0184,P-010,2,0
O-10678,2025-10-22,C-0275,P-029,3,0
O-10678,2025-10-22,C-0275,P-022,1,0
O-10679,2024-02-18,C-0202,P-035,2,0.3
O-10679,2024-02-18,C-0202,P-007,1,0
O-10679,2024-02-18,C-0202,P-031,1,0
O-10680,2024-12-12,C-0259,P-038,1,0
O-10681,2025-04-01,C-0176,P-003,1,0
O-10681,2025-04-01,C-0176,P-038,1,0
O-10682,2024-11-04,C-0266,P-029,1,0.15
O-10683,2024-08-07,C-0291,P-027,3,0
O-10684,2024-10-18,C-0241,P-027,2,0.1
O-10685,2025-11-28,C-0118,P-009,1,0
O-10686,2025-04-25,C-0128,P-029,1,0
O-10686,2025-04-25,C-0128,P-029,1,0
O-10686,2025-04-25,C-0128,P-017,3,0
O-10687,2025-06-10,C-0047,P-036,1,0
O-10687,2025-06-10,C-0047,P-022,1,0
O-10688,2024-05-16,C-0346,P-039,3,0.1
O-10689,2025-11-03,C-0013,P-040,2,0
O-10690,2025-05-28,C-0217,P-007,1,0
O-10691,2024-05-10,C-0437,P-036,1,0
O-10691,2024-05-10,C-0437,P-013,2,0
O-10692,2025-06-16,C-0276,P-005,1,0
O-10693,2025-10-21,C-0105,P-014,2,0
O-10694,2025-06-07,C-0017,P-030,1,0
O-10695,2025-01-23,C-0467,P-024,1,0
O-10696,2024-02-18,C-0445,P-016,1,0
O-10696,2024-02-18,C-0445,P-038,2,0
O-10697,2025-05-15,C-0275,P-003,2,0
O-10698,2025-04-15,C-0010,P-008,1,0
O-10699,2025-12-28,C-0333,P-001,3,0
O-10700,2025-11-10,C-0023,P-021,1,0
O-10700,2025-11-10,C-0023,P-004,1,0
O-10700,2025-11-10,C-0023,P-030,1,0
O-10701,2025-05-26,C-0358,P-014,1,0
O-10701,2025-05-26,C-0358,P-037,2,0.3
O-10701,2025-05-26,C-0358,P-012,1,0
O-10701,2025-05-26,C-0358,P-006,1,0
O-10702,2024-01-16,C-0243,P-025,3,0
O-10702,2024-01-16,C-0243,P-019,2,0
O-10703,2024-07-31,C-0489,P-026,1,0
O-10704,2024-02-09,C-0294,P-017,2,0.3
O-10705,2024-01-26,C-0180,P-006,1,0
O-10705,2024-01-26,C-0180,P-009,2,0.2
O-10706,2025-12-06,C-0380,P-016,1,0
O-10707,2025-03-25,C-0443,P-009,2,0.2
O-10707,2025-03-25,C-0443,P-007,1,0
O-10707,2025-03-25,C-0443,P-026,3,0
O-10708,2024-12-18,C-0416,P-001,1,0.2
O-10709,2025-07-25,C-0181,P-021,1,0.15
O-10709,2025-07-25,C-0181,P-032,1,0
O-10710,2025-12-06,C-0048,P-038,1,0
O-10711,2025-06-28,C-0458,P-029,1,0.3
O-10712,2024-08-16,C-0299,P-022,1,0
O-10713,2025-04-01,C-0155,P-027,2,0
O-10713,2025-04-01,C-0155,P-009,1,0.1
O-10714,2024-03-11,C-0207,P-021,2,0
O-10715,2025-08-23,C-0381,P-027,1,0
O-10716,2025-03-18,C-0335,P-034,1,0
O-10717,2025-11-07,C-0492,P-038,1,0.1
O-10718,2024-03-23,C-0350,P-009,1,0
O-10719,2024-07-27,C-0157,P-007,1,0
O-10720,2025-09-21,C-0256,P-021,1,0
O-10721,2025-06-29,C-0080,P-007,2,0
O-10722,2024-01-25,C-0037,P-038,1,0
O-10723,2024-10-08,C-0176,P-038,3,0
O-10723,2024-10-08,C-0176,P-039,1,0
O-10723,2024-10-08,C-0176,P-034,2,0
O-10723,2024-10-08,C-0176,P-034,1,0
O-10724,2024-01-07,C-0256,P-031,3,0
O-10724,2024-01-07,C-0256,P-037,1,0
O-10725,2024-06-15,C-0230,P-031,1,0.15
O-10725,2024-06-15,C-0230,P-024,1,0.05
O-10726,2025-07-23,C-0479,P-031,1,0
O-10727,2025-01-01,C-0089,P-007,1,0
O-10728,2024-12-11,C-0011,P-012,1,0
O-10728,2024-12-11,C-0011,P-009,1,0.15
O-10728,2024-12-11,C-0011,P-024,2,0
O-10729,2024-12-11,C-0248,P-010,1,0.15
O-10730,2025-07-19,C-0347,P-024,1,0
O-10731,2024-12-31,C-0484,P-021,1,0
O-10732,2025-10-26,C-0017,P-033,2,0
O-10732,2025-10-26,C-0017,P-038,1,0
O-10733,2025-12-14,C-0271,P-006,1,0
O-10733,2025-12-14,C-0271,P-006,2,0
O-10734,2025-12-16,C-0341,P-030,1,0
O-10735,2024-03-25,C-0417,P-025,1,0
O-10735,2024-03-25,C-0417,P-007,1,0.3
O-10736,2024-06-28,C-0048,P-005,1,0
O-10736,2024-06-28,C-0048,P-029,1,0.15
O-10736,2024-06-28,C-0048,P-031,2,0
O-10737,2025-03-27,C-0497,P-017,3,0
O-10737,2025-03-27,C-0497,P-039,1,0
O-10738,2024-11-03,C-0327,P-029,1,0.3
O-10738,2024-11-03,C-0327,P-022,2,0
O-10738,2024-11-03,C-0327,P-026,2,0.05
O-10739,2024-04-24,C-0443,P-039,1,0
O-10739,2024-04-24,C-0443,P-034,1,0
O-10740,2024-10-04,C-0450,P-023,1,0
O-10740,2024-10-04,C-0450,P-030,1,0.3
O-10741,2025-12-24,C-0497,P-004,1,0
O-10742,2024-01-16,C-0128,P-029,1,0
O-10743,2024-11-10,C-0047,P-005,2,0.05
O-10744,2025-05-11,C-0245,P-026,1,0
O-10745,2025-01-22,C-0064,P-007,2,0.3
O-10746,2024-04-12,C-0324,P-029,1,0
O-10747,2025-01-26,C-0109,P-028,1,0
O-10747,2025-01-26,C-0109,P-004,2,0.3
O-10747,2025-01-26,C-0109,P-010,1,0.3
O-10748,2025-03-20,C-0141,P-010,1,0
O-10749,2025-11-15,C-0361,P-022,1,0
O-10750,2025-01-13,C-0254,P-036,1,0.2
O-10750,2025-01-13,C-0254,P-006,1,0
O-10751,2024-11-21,C-0244,P-040,2,0
O-10752,2025-07-21,C-0461,P-027,3,0
O-10753,2025-11-17,C-0402,P-007,2,0
O-10754,2024-11-19,C-0229,P-037,2,0.1
O-10754,2024-11-19,C-0229,P-037,1,0
O-10755,2024-11-03,C-0457,P-021,2,0
O-10755,2024-11-03,C-0457,P-011,1,0
O-10756,2024-09-28,C-0416,P-030,2,0.1
O-10757,2025-07-19,C-0076,P-029,1,0
O-10757,2025-07-19,C-0076,P-013,1,0.1
O-10757,2025-07-19,C-0076,P-027,1,0.1
O-10757,2025-07-19,C-0076,P-031,2,0.1
O-10758,2024-09-01,C-0039,P-030,1,0.05
O-10758,2024-09-01,C-0039,P-038,2,0
O-10758,2024-09-01,C-0039,P-040,1,0
O-10759,2024-12-03,C-0403,P-033,1,0.15
O-10760,2025-08-27,C-0020,P-007,2,0.2
O-10760,2025-08-27,C-0020,P-013,1,0.05
O-10761,2024-06-09,C-0365,P-021,1,0.05
O-10762,2024-07-15,C-0023,P-030,1,0.3
O-10762,2024-07-15,C-0023,P-017,1,0
O-10763,2025-12-05,C-0326,P-031,1,0
O-10764,2025-03-31,C-0205,P-017,1,0
O-10765,2025-08-25,C-0445,P-034,1,0
O-10766,2025-08-23,C-0390,P-008,3,0
O-10767,2025-06-20,C-0173,P-024,1,0.1
O-10768,2025-09-01,C-0284,P-007,3,0
O-10768,2025-09-01,C-0284,P-026,1,0
O-10769,2025-07-25,C-0366,P-012,1,0.2
O-10769,2025-07-25,C-0366,P-037,1,0.05
O-10770,2025-12-16,C-0159,P-013,2,0
O-10770,2025-12-16,C-0159,P-034,2,0
O-10770,2025-12-16,C-0159,P-037,1,0.3
O-10771,2024-11-15,C-0108,P-011,1,0.3
O-10772,2024-07-01,C-0190,P-032,1,0
O-10772,2024-07-01,C-0190,P-006,3,0
O-10773,2025-12-28,C-0286,P-012,1,0
O-10774,2024-07-12,C-0022,P-030,2,0.3
O-10774,2024-07-12,C-0022,P-009,1,0
O-10775,2025-12-17,C-0388,P-023,1,0.05
O-10776,2025-05-16,C-0129,P-022,1,0
O-10777,2024-04-08,C-0208,P-018,1,0.2
O-10777,2024-04-08,C-0208,P-031,1,0.1
O-10777,2024-04-08,C-0208,P-012,1,0
O-10777,2024-04-08,C-0208,P-039,1,0.05
O-10778,2024-01-21,C-0441,P-038,3,0
O-10779,2025-11-04,C-0468,P-035,1,0.15
O-10780,2025-09-18,C-0077,P-022,1,0
O-10781,2024-06-30,C-0283,P-012,2,0.2
O-10781,2024-06-30,C-0283,P-038,3,0
O-10781,2024-06-30,C-0283,P-011,1,0.2
O-10781,2024-06-30,C-0283,P-017,2,0
O-10782,2025-11-24,C-0449,P-019,1,0
O-10782,2025-11-24,C-0449,P-015,2,0
O-10783,2025-06-09,C-0170,P-023,3,0.15
O-10784,2024-12-20,C-0264,P-034,1,0.2
O-10785,2024-11-12,C-0378,P-016,1,0
O-10786,2025-05-03,C-0335,P-038,3,0.2
O-10787,2024-11-24,C-0410,P-025,1,0
O-10788,2025-10-02,C-0271,P-005,2,0
O-10788,2025-10-02,C-0271,P-030,1,0
O-10788,2025-10-02,C-0271,P-009,2,0
O-10789,2024-07-01,C-0117,P-017,3,0.2
O-10790,2024-08-08,C-0008,P-020,3,0.2
O-10791,2025-04-07,C-0039,P-017,1,0
O-10791,2025-04-07,C-0039,P-038,1,0
O-10792,2024-11-26,C-0093,P-032,1,0
O-10792,2024-11-26,C-0093,P-015,3,0
O-10793,2025-07-07,C-0165,P-024,2,0
O-10794,2025-10-08,C-0380,P-009,1,0
O-10795,2025-11-06,C-0291,P-007,2,0.2
O-10796,2024-01-25,C-0078,P-030,3,0
O-10797,2025-01-18,C-0471,P-009,1,0.05
O-10797,2025-01-18,C-0471,P-004,1,0
O-10797,2025-01-18,C-0471,P-031,1,0.15
O-10798,2025-12-17,C-0289,P-040,2,0
O-10798,2025-12-17,C-0289,P-005,3,0
O-10799,2025-12-04,C-0464,P-038,1,0.3
O-10799,2025-12-04,C-0464,P-017,1,0
O-10800,2024-10-12,C-0232,P-006,1,0
O-10801,2024-11-22,C-0339,P-024,1,0.1
O-10801,2024-11-22,C-0339,P-017,2,0.15
O-10802,2025-09-11,C-0336,P-008,1,0
O-10803,2025-01-13,C-0035,P-028,2,0.2
O-10803,2025-01-13,C-0035,P-037,1,0
O-10804,2024-12-01,C-0264,P-014,1,0
O-10805,2025-08-02,C-0350,P-035,1,0
O-10806,2024-01-19,C-0276,P-011,1,0
O-10807,2024-02-08,C-0479,P-004,1,0
O-10807,2024-02-08,C-0479,P-023,2,0
O-10807,2024-02-08,C-0479,P-038,1,0.05
O-10808,2024-06-09,C-0062,P-019,3,0
O-10809,2025-08-07,C-0031,P-028,1,0.05
O-10810,2025-08-02,C-0172,P-031,1,0
O-10810,2025-08-02,C-0172,P-037,1,0
O-10811,2025-02-01,C-0421,P-013,1,0
O-10812,2024-06-09,C-0489,P-030,1,0
O-10813,2024-12-05,C-0285,P-040,1,0
O-10814,2024-01-29,C-0125,P-028,1,0
O-10815,2024-09-22,C-0282,P-022,2,0
O-10815,2024-09-22,C-0282,P-005,1,0
O-10816,2025-09-04,C-0465,P-035,1,0
O-10817,2024-01-06,C-0413,P-020,1,0
O-10818,2024-08-13,C-0349,P-004,1,0.15
O-10818,2024-08-13,C-0349,P-021,1,0
O-10819,2025-05-04,C-0081,P-017,1,0
O-10820,2025-11-04,C-0291,P-040,1,0
O-10821,2024-12-28,C-0242,P-011,1,0.05
O-10822,2024-12-21,C-0322,P-026,2,0.1
O-10823,2025-12-01,C-0078,P-003,2,0.15
O-10823,2025-12-01,C-0078,P-002,2,0.15
O-10823,2025-12-01,C-0078,P-015,1,0
O-10823,2025-12-01,C-0078,P-030,1,0
O-10824,2024-08-05,C-0405,P-033,1,0.3
O-10825,2024-12-30,C-0155,P-040,1,0.2
O-10825,2024-12-30,C-0155,P-012,2,0.15
O-10826,2025-09-01,C-0353,P-038,3,0
O-10826,2025-09-01,C-0353,P-017,1,0
O-10826,2025-09-01,C-0353,P-016,1,0.15
O-10827,2025-01-10,C-0147,P-033,1,0.15
O-10827,2025-01-10,C-0147,P-021,1,0.2
O-10828,2025-08-31,C-0083,P-015,1,0
O-10829,2025-11-23,C-0239,P-010,1,0.05
O-10829,2025-11-23,C-0239,P-037,3,0.2
O-10830,2025-12-14,C-0430,P-024,2,0
O-10830,2025-12-14,C-0430,P-022,3,0.1
O-10830,2025-12-14,C-0430,P-040,2,0.2
O-10831,2024-12-21,C-0062,P-036,2,0
O-10831,2024-12-21,C-0062,P-021,1,0
O-10831,2024-12-21,C-0062,P-021,1,0.1
O-10832,2025-12-23,C-0454,P-031,1,0
O-10833,2025-04-13,C-0370,P-029,1,0.2
O-10834,2025-05-01,C-0372,P-011,1,0
O-10835,2024-03-25,C-0114,P-029,1,0
O-10835,2024-03-25,C-0114,P-019,3,0
O-10836,2025-10-12,C-0146,P-007,1,0
O-10836,2025-10-12,C-0146,P-009,1,0.3
O-10836,2025-10-12,C-0146,P-028,1,0.2
O-10837,2025-11-26,C-0393,P-007,1,0
O-10837,2025-11-26,C-0393,P-030,1,0.15
O-10838,2025-07-24,C-0143,P-004,2,0
O-10839,2025-12-27,C-0469,P-028,1,0
O-10840,2024-03-25,C-0350,P-031,1,0
O-10841,2025-03-16,C-0208,P-016,1,0
O-10841,2025-03-16,C-0208,P-008,2,0
O-10842,2025-12-30,C-0394,P-021,1,0
O-10842,2025-12-30,C-0394,P-006,2,0
O-10842,2025-12-30,C-0394,P-015,2,0
O-10843,2025-01-06,C-0036,P-015,2,0
O-10844,2024-10-13,C-0211,P-005,2,0
O-10845,2024-11-12,C-0139,P-005,1,0.05
O-10846,2025-11-15,C-0442,P-038,3,0
O-10847,2024-11-03,C-0252,P-040,3,0.2
O-10847,2024-11-03,C-0252,P-024,1,0
O-10847,2024-11-03,C-0252,P-016,2,0.05
O-10847,2024-11-03,C-0252,P-016,2,0
O-10848,2025-01-26,C-0145,P-031,1,0
O-10848,2025-01-26,C-0145,P-009,1,0
O-10849,2024-08-04,C-0118,P-015,2,0.15
O-10850,2024-12-08,C-0225,P-020,3,0
O-10851,2024-12-09,C-0100,P-014,1,0
O-10851,2024-12-09,C-0100,P-029,1,0.2
O-10851,2024-12-09,C-0100,P-031,1,0
O-10852,2025-05-11,C-0028,P-030,1,0
O-10852,2025-05-11,C-0028,P-004,1,0.05
O-10852,2025-05-11,C-0028,P-026,3,0.2
O-10852,2025-05-11,C-0028,P-019,3,0.15
O-10853,2024-07-22,C-0430,P-036,3,0
O-10854,2025-06-22,C-0221,P-029,2,0
O-10855,2024-07-08,C-0407,P-007,1,0
O-10856,2024-07-29,C-0359,P-004,2,0
O-10856,2024-07-29,C-0359,P-017,2,0
O-10857,2025-11-09,C-0488,P-016,1,0.15
O-10858,2024-11-26,C-0411,P-035,3,0.1
O-10859,2024-05-03,C-0257,P-027,3,0.1
O-10859,2024-05-03,C-0257,P-028,2,0
O-10859,2024-05-03,C-0257,P-036,1,0.05
O-10859,2024-05-03,C-0257,P-037,2,0
O-10860,2025-03-03,C-0426,P-012,1,0
O-10861,2024-05-28,C-0463,P-016,3,0
O-10862,2024-12-27,C-0055,P-013,3,0
O-10863,2025-12-22,C-0136,P-037,1,0.3
O-10864,2024-03-03,C-0183,P-006,1,0
O-10864,2024-03-03,C-0183,P-006,3,0
O-10865,2024-05-04,C-0221,P-034,1,0
O-10865,2024-05-04,C-0221,P-033,1,0
O-10865,2024-05-04,C-0221,P-034,1,0
O-10866,2024-07-27,C-0387,P-002,2,0.3
O-10866,2024-07-27,C-0387,P-036,2,0
O-10866,2024-07-27,C-0387,P-002,1,0
O-10867,2025-06-16,C-0402,P-027,2,0
O-10867,2025-06-16,C-0402,P-038,1,0
O-10867,2025-06-16,C-0402,P-008,1,0
O-10868,2025-12-09,C-0142,P-022,3,0
O-10869,2025-11-22,C-0364,P-038,2,0.3
O-10869,2025-11-22,C-0364,P-036,3,0
O-10870,2024-12-23,C-0078,P-008,1,0
O-10870,2024-12-23,C-0078,P-034,1,0
O-10870,2024-12-23,C-0078,P-006,1,0.05
O-10870,2024-12-23,C-0078,P-024,2,0.15
O-10871,2024-07-14,C-0377,P-008,2,0.15
O-10871,2024-07-14,C-0377,P-021,2,0.05
O-10872,2025-02-26,C-0202,P-004,1,0.3
O-10873,2025-01-24,C-0051,P-010,3,0
O-10873,2025-01-24,C-0051,P-028,1,0
O-10874,2025-06-03,C-0274,P-009,1,0.3
O-10874,2025-06-03,C-0274,P-029,2,0
O-10875,2025-11-11,C-0293,P-037,3,0.3
O-10876,2025-11-04,C-0225,P-020,1,0
O-10877,2025-10-29,C-0379,P-015,1,0
O-10878,2025-03-11,C-0376,P-035,3,0
O-10879,2024-02-18,C-0072,P-007,2,0
O-10879,2024-02-18,C-0072,P-004,3,0
O-10880,2025-04-07,C-0298,P-016,1,0.15
O-10881,2025-07-18,C-0094,P-038,1,0
O-10882,2025-05-25,C-0498,P-029,1,0
O-10883,2025-11-04,C-0050,P-015,2,0.2
O-10883,2025-11-04,C-0050,P-036,2,0.3
O-10884,2024-06-13,C-0301,P-030,1,0.15
O-10885,2025-07-04,C-0430,P-031,1,0
O-10886,2024-09-11,C-0167,P-037,1,0
O-10887,2024-12-21,C-0430,P-008,1,0.3
O-10887,2024-12-21,C-0430,P-021,1,0
O-10887,2024-12-21,C-0430,P-029,2,0
O-10887,2024-12-21,C-0430,P-038,2,0
O-10888,2024-11-23,C-0057,P-016,1,0.05
O-10889,2025-12-19,C-0482,P-040,2,0
O-10890,2024-11-09,C-0261,P-005,2,0
O-10890,2024-11-09,C-0261,P-025,1,0
O-10890,2024-11-09,C-0261,P-018,2,0
O-10891,2025-07-30,C-0441,P-002,3,0
O-10892,2025-10-18,C-0200,P-001,1,0
O-10893,2024-03-03,C-0007,P-036,2,0
O-10894,2024-12-13,C-0207,P-013,1,0
O-10894,2024-12-13,C-0207,P-012,1,0.3
O-10895,2024-07-03,C-0093,P-004,2,0
O-10895,2024-07-03,C-0093,P-003,1,0.1
O-10895,2024-07-03,C-0093,P-004,2,0
O-10896,2025-04-06,C-0271,P-027,2,0
O-10897,2024-03-09,C-0102,P-026,2,0
O-10897,2024-03-09,C-0102,P-015,1,0
O-10897,2024-03-09,C-0102,P-038,1,0
O-10898,2025-07-15,C-0454,P-032,1,0
O-10899,2024-11-09,C-0349,P-009,1,0.2
O-10900,2025-11-30,C-0205,P-034,1,0.2
O-10901,2024-12-31,C-0430,P-002,1,0
O-10901,2024-12-31,C-0430,P-040,2,0
O-10901,2024-12-31,C-0430,P-024,1,0
O-10901,2024-12-31,C-0430,P-019,1,0
O-10902,2024-04-22,C-0446,P-031,2,0
O-10903,2024-12-30,C-0416,P-001,1,0.05
O-10903,2024-12-30,C-0416,P-013,1,0
O-10904,2025-11-26,C-0052,P-027,1,0
O-10904,2025-11-26,C-0052,P-019,2,0.2
O-10905,2024-09-19,C-0108,P-013,2,0.05
O-10906,2024-02-14,C-0325,P-006,1,0.15
O-10906,2024-02-14,C-0325,P-003,1,0
O-10907,2024-12-16,C-0185,P-027,2,0
O-10908,2024-06-21,C-0251,P-030,1,0
O-10909,2024-12-24,C-0220,P-031,1,0
O-10909,2024-12-24,C-0220,P-017,1,0
O-10909,2024-12-24,C-0220,P-034,1,0
O-10909,2024-12-24,C-0220,P-018,1,0
O-10910,2025-06-15,C-0325,P-019,1,0.15
O-10911,2025-12-28,C-0386,P-034,1,0
O-10911,2025-12-28,C-0386,P-039,2,0
O-10912,2024-12-27,C-0249,P-036,2,0
O-10913,2025-01-17,C-0402,P-018,1,0
O-10914,2024-11-21,C-0302,P-019,1,0
O-10914,2024-11-21,C-0302,P-034,1,0
O-10914,2024-11-21,C-0302,P-002,1,0
O-10915,2025-11-24,C-0027,P-021,1,0
O-10916,2025-06-15,C-0319,P-005,1,0
O-10916,2025-06-15,C-0319,P-013,1,0
O-10916,2025-06-15,C-0319,P-033,1,0.1
O-10916,2025-06-15,C-0319,P-033,1,0
O-10917,2025-11-08,C-0315,P-019,2,0
O-10917,2025-11-08,C-0315,P-016,1,0
O-10918,2024-07-06,C-0339,P-029,1,0
O-10918,2024-07-06,C-0339,P-031,1,0
O-10918,2024-07-06,C-0339,P-029,1,0
O-10919,2024-01-18,C-0353,P-026,1,0.05
O-10920,2025-02-23,C-0018,P-040,2,0
O-10921,2024-06-20,C-0049,P-034,2,0
O-10922,2024-04-25,C-0409,P-017,2,0
O-10922,2024-04-25,C-0409,P-012,2,0
O-10923,2024-07-09,C-0058,P-030,2,0
O-10923,2024-07-09,C-0058,P-011,1,0
O-10924,2024-05-28,C-0134,P-004,1,0.3
O-10925,2024-08-27,C-0282,P-031,2,0
O-10926,2024-04-27,C-0172,P-004,2,0.15
O-10926,2024-04-27,C-0172,P-040,1,0
O-10926,2024-04-27,C-0172,P-021,1,0
O-10926,2024-04-27,C-0172,P-032,1,0.1
O-10927,2024-07-24,C-0208,P-014,3,0
O-10927,2024-07-24,C-0208,P-017,3,0
O-10928,2025-07-14,C-0187,P-019,1,0
O-10929,2025-12-10,C-0406,P-012,2,0
O-10930,2024-08-22,C-0461,P-016,3,0.2
O-10931,2025-11-24,C-0323,P-019,1,0.2
O-10932,2025-03-08,C-0380,P-039,3,0
O-10933,2025-03-11,C-0017,P-007,1,0
O-10933,2025-03-11,C-0017,P-030,1,0.3
O-10934,2025-07-19,C-0194,P-017,1,0
O-10935,2025-09-12,C-0262,P-030,1,0
O-10936,2025-08-02,C-0022,P-022,3,0.2
O-10936,2025-08-02,C-0022,P-019,1,0
O-10936,2025-08-02,C-0022,P-011,1,0
O-10937,2024-01-24,C-0182,P-023,3,0
O-10938,2025-01-09,C-0474,P-029,1,0.1
O-10938,2025-01-09,C-0474,P-031,1,0
O-10938,2025-01-09,C-0474,P-036,1,0
O-10939,2025-09-02,C-0012,P-026,1,0.1
O-10940,2025-08-21,C-0093,P-011,1,0
O-10941,2025-09-07,C-0366,P-025,1,0
O-10942,2025-06-16,C-0120,P-007,3,0
O-10942,2025-06-16,C-0120,P-038,1,0
O-10943,2025-08-14,C-0306,P-029,2,0
O-10944,2024-08-01,C-0482,P-019,3,0.15
O-10944,2024-08-01,C-0482,P-021,1,0
O-10944,2024-08-01,C-0482,P-019,1,0
O-10945,2025-07-21,C-0213,P-040,1,0
O-10946,2025-01-31,C-0074,P-015,2,0.2
O-10947,2024-11-28,C-0269,P-019,2,0.2
O-10948,2025-12-01,C-0118,P-007,1,0
O-10949,2024-11-27,C-0358,P-026,1,0
O-10950,2025-09-17,C-0096,P-031,1,0
O-10950,2025-09-17,C-0096,P-010,1,0
O-10950,2025-09-17,C-0096,P-017,1,0
O-10951,2024-09-18,C-0084,P-019,1,0.1
O-10951,2024-09-18,C-0084,P-016,1,0.2
O-10952,2025-09-19,C-0016,P-030,2,0
O-10952,2025-09-19,C-0016,P-019,1,0
O-10952,2025-09-19,C-0016,P-036,1,0.1
O-10953,2025-11-13,C-0094,P-012,1,0
O-10953,2025-11-13,C-0094,P-030,1,0
O-10954,2025-10-06,C-0128,P-021,1,0.2
O-10955,2025-04-19,C-0150,P-030,1,0
O-10956,2024-08-30,C-0364,P-016,1,0
O-10956,2024-08-30,C-0364,P-021,1,0
O-10956,2024-08-30,C-0364,P-026,1,0
O-10957,2024-05-06,C-0206,P-023,1,0
O-10958,2025-11-20,C-0302,P-006,2,0.3
O-10958,2025-11-20,C-0302,P-017,1,0
O-10959,2025-09-21,C-0300,P-038,1,0
O-10960,2025-12-22,C-0175,P-024,1,0
O-10960,2025-12-22,C-0175,P-034,1,0
O-10961,2025-05-23,C-0344,P-015,1,0
O-10962,2025-12-30,C-0445,P-019,1,0.2
O-10963,2025-05-14,C-0460,P-004,1,0
O-10964,2024-12-09,C-0197,P-013,1,0
O-10964,2024-12-09,C-0197,P-013,2,0
O-10964,2024-12-09,C-0197,P-014,1,0.05
O-10965,2024-11-25,C-0062,P-016,1,0
O-10965,2024-11-25,C-0062,P-001,1,0.3
O-10966,2024-04-05,C-0114,P-034,1,0.05
O-10967,2025-11-27,C-0003,P-029,1,0
O-10967,2025-11-27,C-0003,P-017,1,0
O-10967,2025-11-27,C-0003,P-006,1,0
O-10968,2025-12-14,C-0496,P-033,1,0.15
O-10969,2025-01-03,C-0087,P-036,1,0.05
O-10970,2025-04-19,C-0152,P-006,2,0.05
O-10971,2024-10-02,C-0465,P-017,2,0.15
O-10972,2024-10-08,C-0056,P-012,1,0
O-10973,2024-11-03,C-0111,P-017,1,0
O-10973,2024-11-03,C-0111,P-024,1,0
O-10973,2024-11-03,C-0111,P-002,1,0
O-10974,2025-03-26,C-0111,P-040,2,0.2
O-10974,2025-03-26,C-0111,P-017,1,0
O-10974,2025-03-26,C-0111,P-032,1,0
O-10975,2025-01-05,C-0271,P-016,1,0
O-10975,2025-01-05,C-0271,P-036,1,0
O-10975,2025-01-05,C-0271,P-026,2,0
O-10975,2025-01-05,C-0271,P-026,3,0.3
O-10976,2024-12-18,C-0401,P-017,1,0
O-10977,2024-03-19,C-0210,P-022,1,0
O-10978,2024-11-09,C-0141,P-023,2,0
O-10979,2025-12-24,C-0281,P-021,1,0
O-10980,2025-05-17,C-0050,P-007,1,0
O-10980,2025-05-17,C-0050,P-023,1,0.1
O-10981,2025-09-01,C-0223,P-019,2,0
O-10981,2025-09-01,C-0223,P-007,1,0
O-10982,2025-08-25,C-0186,P-003,3,0
O-10983,2024-09-03,C-0464,P-019,1,0
O-10984,2025-09-22,C-0487,P-005,1,0
O-10985,2024-09-21,C-0310,P-005,1,0.3
O-10985,2024-09-21,C-0310,P-019,1,0
O-10985,2024-09-21,C-0310,P-030,2,0
O-10986,2025-10-13,C-0295,P-013,1,0
O-10986,2025-10-13,C-0295,P-016,2,0
O-10987,2024-08-01,C-0047,P-028,1,0
O-10988,2025-01-28,C-0183,P-035,2,0
O-10988,2025-01-28,C-0183,P-036,1,0
O-10988,2025-01-28,C-0183,P-034,1,0.15
O-10988,2025-01-28,C-0183,P-009,1,0
O-10989,2024-12-26,C-0129,P-024,1,0
O-10990,2025-07-28,C-0100,P-003,1,0
O-10991,2024-12-16,C-0293,P-003,1,0
O-10991,2024-12-16,C-0293,P-038,2,0
O-10992,2024-09-12,C-0070,P-031,1,0
O-10992,2024-09-12,C-0070,P-013,2,0.2
O-10993,2024-08-22,C-0132,P-005,1,0
O-10994,2024-08-12,C-0200,P-036,1,0
O-10994,2024-08-12,C-0200,P-008,1,0
O-10994,2024-08-12,C-0200,P-011,1,0.3
O-10995,2025-11-16,C-0335,P-015,1,0
O-10996,2024-07-31,C-0037,P-029,1,0
O-10996,2024-07-31,C-0037,P-036,1,0
O-10996,2024-07-31,C-0037,P-011,2,0.15
O-10997,2024-12-03,C-0253,P-016,3,0.3
O-10998,2025-11-28,C-0244,P-037,1,0.15
O-10998,2025-11-28,C-0244,P-022,3,0.1
O-10999,2024-09-08,C-0100,P-037,3,0.3
O-11000,2024-06-23,C-0318,P-021,1,0
O-11000,2024-06-23,C-0318,P-040,1,0.15
O-11000,2024-06-23,C-0318,P-012,1,0.05
O-11001,2025-12-07,C-0388,P-021,2,0.1
O-11002,2025-12-21,C-0367,P-022,1,0
O-11002,2025-12-21,C-0367,P-023,1,0
O-11002,2025-12-21,C-0367,P-037,1,0
O-11003,2024-12-20,C-0152,P-007,1,0
O-11004,2024-08-11,C-0445,P-034,3,0
O-11005,2025-07-21,C-0429,P-031,1,0
O-11005,2025-07-21,C-0429,P-019,2,0
O-11005,2025-07-21,C-0429,P-017,1,0.3
O-11006,2025-05-16,C-0382,P-040,1,0
O-11006,2025-05-16,C-0382,P-025,1,0
O-11007,2024-10-28,C-0399,P-040,1,0
O-11007,2024-10-28,C-0399,P-018,2,0
O-11007,2024-10-28,C-0399,P-038,2,0
O-11008,2024-09-30,C-0025,P-019,1,0
O-11008,2024-09-30,C-0025,P-021,2,0
O-11009,2025-08-23,C-0379,P-026,1,0
O-11009,2025-08-23,C-0379,P-025,3,0
O-11010,2024-11-21,C-0453,P-016,1,0
O-11010,2024-11-21,C-0453,P-009,2,0
O-11011,2025-10-08,C-0111,P-012,2,0
O-11012,2024-12-08,C-0191,P-010,1,0
O-11013,2024-04-22,C-0192,P-040,1,0
O-11014,2025-12-21,C-0362,P-018,1,0
O-11015,2025-01-22,C-0320,P-021,1,0
O-11016,2024-11-16,C-0335,P-018,1,0
O-11016,2024-11-16,C-0335,P-010,1,0.1
O-11017,2025-05-06,C-0202,P-019,1,0
O-11018,2025-07-01,C-0477,P-026,1,0
O-11019,2024-01-13,C-0197,P-005,1,0
O-11019,2024-01-13,C-0197,P-040,1,0
O-11020,2025-09-21,C-0483,P-030,3,0
O-11021,2024-11-24,C-0230,P-004,1,0
O-11022,2024-12-11,C-0216,P-023,1,0
O-11023,2024-11-05,C-0189,P-016,1,0
O-11023,2024-11-05,C-0189,P-033,1,0
O-11023,2024-11-05,C-0189,P-014,1,0
O-11023,2024-11-05,C-0189,P-014,1,0.3
O-11024,2024-08-09,C-0354,P-021,1,0
O-11025,2024-10-24,C-0138,P-036,1,0
O-11026,2025-10-16,C-0341,P-038,3,0.15
O-11027,2025-05-23,C-0078,P-001,1,0
O-11027,2025-05-23,C-0078,P-029,2,0
O-11028,2024-03-13,C-0176,P-025,2,0
O-11029,2024-05-12,C-0495,P-040,1,0
O-11029,2024-05-12,C-0495,P-004,1,0.2
O-11030,2024-01-19,C-0154,P-013,1,0
O-11030,2024-01-19,C-0154,P-036,2,0
O-11030,2024-01-19,C-0154,P-029,1,0
O-11030,2024-01-19,C-0154,P-017,1,0
O-11031,2024-02-17,C-0428,P-004,1,0
O-11032,2024-10-08,C-0288,P-013,1,0
O-11032,2024-10-08,C-0288,P-025,1,0
O-11033,2024-01-01,C-0460,P-024,1,0
O-11034,2024-09-16,C-0320,P-034,3,0
O-11034,2024-09-16,C-0320,P-024,1,0
O-11035,2025-02-28,C-0486,P-031,1,0
O-11036,2024-09-17,C-0361,P-015,1,0
O-11037,2024-04-16,C-0454,P-018,1,0
O-11038,2025-12-07,C-0106,P-019,1,0
O-11038,2025-12-07,C-0106,P-005,1,0.3
O-11038,2025-12-07,C-0106,P-029,1,0
O-11038,2025-12-07,C-0106,P-022,1,0.05
O-11039,2025-11-30,C-0050,P-029,1,0.3
O-11040,2025-08-01,C-0138,P-038,1,0
O-11041,2025-04-07,C-0342,P-029,1,0
O-11041,2025-04-07,C-0342,P-033,2,0
O-11042,2025-08-04,C-0232,P-012,1,0
O-11043,2024-05-28,C-0182,P-016,1,0
O-11044,2024-05-17,C-0215,P-011,3,0
O-11045,2024-12-23,C-0311,P-010,1,0
O-11045,2024-12-23,C-0311,P-010,1,0.1
O-11046,2024-04-13,C-0128,P-040,3,0
O-11047,2025-06-12,C-0073,P-007,1,0.05
O-11048,2024-11-26,C-0450,P-004,2,0
O-11048,2024-11-26,C-0450,P-040,1,0.3
O-11049,2025-07-15,C-0479,P-023,3,0.2
O-11050,2025-03-21,C-0452,P-031,1,0.15
O-11051,2025-08-22,C-0226,P-034,1,0.1
O-11051,2025-08-22,C-0226,P-021,1,0.2
O-11052,2025-02-08,C-0196,P-002,1,0
O-11053,2025-12-24,C-0446,P-012,2,0.3
O-11053,2025-12-24,C-0446,P-007,1,0
O-11054,2025-05-28,C-0037,P-019,1,0
O-11054,2025-05-28,C-0037,P-022,1,0
O-11054,2025-05-28,C-0037,P-006,1,0
O-11055,2024-04-02,C-0249,P-025,1,0
O-11055,2024-04-02,C-0249,P-005,1,0
O-11055,2024-04-02,C-0249,P-022,1,0
O-11056,2024-05-08,C-0449,P-029,2,0
O-11057,2025-04-29,C-0168,P-029,1,0.1
O-11057,2025-04-29,C-0168,P-036,1,0.3
O-11057,2025-04-29,C-0168,P-029,2,0
O-11058,2024-03-04,C-0222,P-024,1,0.1
O-11058,2024-03-04,C-0222,P-039,2,0.1
O-11058,2024-03-04,C-0222,P-009,1,0.3
O-11059,2025-11-12,C-0387,P-008,1,0
O-11060,2025-02-13,C-0140,P-029,1,0
O-11061,2024-03-10,C-0448,P-037,1,0
O-11061,2024-03-10,C-0448,P-036,2,0
O-11062,2024-02-13,C-0013,P-035,1,0
O-11062,2024-02-13,C-0013,P-019,2,0.1
O-11063,2024-03-31,C-0322,P-020,2,0
O-11064,2024-11-22,C-0292,P-019,1,0
O-11065,2024-05-04,C-0222,P-025,2,0
O-11065,2024-05-04,C-0222,P-001,2,0
O-11065,2024-05-04,C-0222,P-022,1,0.05
O-11066,2025-05-14,C-0486,P-037,2,0
O-11067,2025-11-07,C-0146,P-025,3,0
O-11068,2025-11-06,C-0331,P-014,1,0.05
O-11068,2025-11-06,C-0331,P-030,2,0
O-11068,2025-11-06,C-0331,P-024,1,0
O-11069,2025-12-23,C-0471,P-014,1,0.1
O-11070,2025-01-28,C-0199,P-031,1,0.15
O-11070,2025-01-28,C-0199,P-011,1,0
O-11071,2025-11-28,C-0465,P-024,2,0
O-11071,2025-11-28,C-0465,P-024,1,0.05
O-11071,2025-11-28,C-0465,P-022,1,0
O-11072,2024-01-28,C-0457,P-009,2,0
O-11073,2025-11-12,C-0145,P-007,1,0
O-11073,2025-11-12,C-0145,P-012,1,0
O-11073,2025-11-12,C-0145,P-008,1,0
O-11073,2025-11-12,C-0145,P-035,1,0
O-11074,2025-05-10,C-0128,P-031,1,0
O-11075,2025-12-01,C-0493,P-030,1,0
O-11075,2025-12-01,C-0493,P-019,1,0
O-11076,2024-12-25,C-0244,P-036,1,0.3
O-11077,2024-07-04,C-0447,P-028,1,0
O-11077,2024-07-04,C-0447,P-033,1,0
O-11078,2024-03-18,C-0290,P-032,1,0.3
O-11079,2025-12-21,C-0099,P-033,1,0.15
O-11080,2025-08-27,C-0093,P-007,2,0
O-11081,2024-04-23,C-0433,P-037,1,0
O-11081,2024-04-23,C-0433,P-025,2,0
O-11082,2025-11-27,C-0372,P-024,2,0
O-11082,2025-11-27,C-0372,P-015,1,0
O-11083,2024-01-05,C-0307,P-033,2,0
O-11083,2024-01-05,C-0307,P-006,1,0.05
O-11084,2025-06-28,C-0388,P-026,1,0
O-11084,2025-06-28,C-0388,P-012,1,0
O-11084,2025-06-28,C-0388,P-017,1,0
O-11085,2025-10-29,C-0135,P-034,1,0
O-11085,2025-10-29,C-0135,P-009,1,0
O-11085,2025-10-29,C-0135,P-010,1,0
O-11086,2025-10-12,C-0433,P-004,1,0.15
O-11086,2025-10-12,C-0433,P-031,1,0
O-11086,2025-10-12,C-0433,P-005,1,0
O-11087,2025-12-27,C-0125,P-009,1,0
O-11087,2025-12-27,C-0125,P-004,1,0
O-11087,2025-12-27,C-0125,P-029,1,0
O-11087,2025-12-27,C-0125,P-040,1,0
O-11088,2025-11-26,C-0367,P-013,1,0
O-11089,2025-11-26,C-0257,P-015,1,0.1
O-11090,2025-11-22,C-0177,P-008,1,0
O-11091,2025-12-23,C-0276,P-020,1,0
O-11091,2025-12-23,C-0276,P-036,1,0
O-11092,2025-08-22,C-0436,P-021,1,0.2
O-11092,2025-08-22,C-0436,P-034,1,0
O-11092,2025-08-22,C-0436,P-038,1,0
O-11092,2025-08-22,C-0436,P-011,2,0
O-11093,2025-12-16,C-0089,P-001,2,0
O-11094,2024-01-15,C-0166,P-030,3,0
O-11094,2024-01-15,C-0166,P-007,2,0
O-11094,2024-01-15,C-0166,P-008,2,0.15
O-11095,2025-11-13,C-0463,P-012,1,0
O-11096,2024-04-21,C-0479,P-021,1,0.1
O-11096,2024-04-21,C-0479,P-010,3,0.15
O-11097,2024-05-25,C-0267,P-024,2,0
O-11098,2024-05-19,C-0257,P-019,1,0
O-11099,2024-05-10,C-0366,P-029,1,0
O-11099,2024-05-10,C-0366,P-009,2,0
O-11100,2025-01-11,C-0132,P-040,1,0.05
O-11101,2025-07-29,C-0003,P-021,1,0.2
O-11102,2024-12-15,C-0430,P-035,1,0.2
O-11103,2025-07-29,C-0072,P-025,3,0
O-11103,2025-07-29,C-0072,P-018,1,0
O-11104,2024-02-08,C-0431,P-015,3,0
O-11105,2024-08-31,C-0380,P-007,1,0
O-11105,2024-08-31,C-0380,P-019,1,0.05
O-11105,2024-08-31,C-0380,P-034,1,0
O-11106,2024-12-30,C-0342,P-038,3,0
O-11107,2025-05-11,C-0496,P-017,2,0
O-11107,2025-05-11,C-0496,P-020,1,0
O-11108,2025-09-23,C-0301,P-029,1,0
O-11109,2025-02-06,C-0388,P-033,2,0
O-11109,2025-02-06,C-0388,P-020,2,0
O-11109,2025-02-06,C-0388,P-007,1,0
O-11110,2024-04-13,C-0434,P-038,3,0
O-11110,2024-04-13,C-0434,P-029,1,0
O-11110,2024-04-13,C-0434,P-029,2,0
O-11111,2025-11-23,C-0265,P-010,1,0
O-11111,2025-11-23,C-0265,P-032,1,0.1
O-11112,2024-07-24,C-0095,P-038,1,0
O-11112,2024-07-24,C-0095,P-007,1,0
O-11113,2024-12-19,C-0121,P-012,1,0
O-11113,2024-12-19,C-0121,P-008,1,0
O-11114,2024-01-06,C-0340,P-021,2,0
O-11115,2024-10-28,C-0200,P-015,1,0
O-11116,2024-05-31,C-0107,P-005,1,0
O-11117,2025-03-02,C-0349,P-031,2,0
O-11118,2024-07-27,C-0023,P-017,1,0
O-11118,2024-07-27,C-0023,P-009,2,0
O-11119,2025-11-06,C-0423,P-011,2,0
O-11120,2025-05-11,C-0465,P-019,3,0.15
O-11121,2024-08-07,C-0027,P-038,1,0.1
O-11122,2025-07-04,C-0201,P-026,1,0.15
O-11122,2025-07-04,C-0201,P-034,1,0
O-11123,2025-02-01,C-0270,P-031,1,0
O-11123,2025-02-01,C-0270,P-020,2,0.1
O-11124,2025-12-01,C-0285,P-033,1,0
O-11124,2025-12-01,C-0285,P-029,1,0
O-11125,2025-10-15,C-0444,P-017,1,0
O-11125,2025-10-15,C-0444,P-035,1,0
O-11125,2025-10-15,C-0444,P-012,2,0.05
O-11125,2025-10-15,C-0444,P-012,2,0.15
O-11126,2025-09-17,C-0172,P-025,1,0
O-11127,2024-09-22,C-0174,P-034,1,0.3
O-11128,2025-12-09,C-0150,P-001,1,0
O-11128,2025-12-09,C-0150,P-031,1,0
O-11128,2025-12-09,C-0150,P-001,3,0.2
O-11128,2025-12-09,C-0150,P-025,1,0
O-11129,2024-05-31,C-0142,P-022,1,0
O-11129,2024-05-31,C-0142,P-037,1,0
O-11130,2024-11-06,C-0151,P-002,1,0.1
O-11130,2024-11-06,C-0151,P-004,1,0.1
O-11131,2025-12-08,C-0295,P-013,2,0
O-11131,2025-12-08,C-0295,P-029,2,0
O-11132,2025-03-26,C-0265,P-008,1,0.1
O-11132,2025-03-26,C-0265,P-029,1,0
O-11133,2024-11-15,C-0471,P-014,3,0.3
O-11134,2024-11-20,C-0412,P-001,1,0
O-11135,2024-08-24,C-0430,P-035,1,0
O-11136,2024-11-14,C-0027,P-038,3,0.05
O-11137,2025-12-07,C-0100,P-008,2,0.3
O-11137,2025-12-07,C-0100,P-031,2,0.05
O-11137,2025-12-07,C-0100,P-014,3,0
O-11137,2025-12-07,C-0100,P-009,2,0
O-11138,2025-01-27,C-0275,P-021,2,0
O-11138,2025-01-27,C-0275,P-016,1,0
O-11139,2024-10-17,C-0290,P-036,1,0
O-11140,2025-07-09,C-0221,P-034,2,0
O-11140,2025-07-09,C-0221,P-031,1,0.05
O-11140,2025-07-09,C-0221,P-016,1,0
O-11140,2025-07-09,C-0221,P-035,1,0
O-11141,2025-02-20,C-0105,P-040,1,0
O-11142,2024-07-19,C-0086,P-038,1,0
O-11142,2024-07-19,C-0086,P-030,2,0.15
O-11143,2024-07-11,C-0249,P-030,2,0
O-11143,2024-07-11,C-0249,P-005,2,0
O-11143,2024-07-11,C-0249,P-012,1,0
O-11144,2024-07-12,C-0404,P-012,2,0.1
O-11145,2024-01-06,C-0129,P-033,1,0
O-11145,2024-01-06,C-0129,P-019,1,0
O-11146,2025-12-31,C-0292,P-023,1,0
O-11147,2024-12-19,C-0213,P-036,1,0
O-11147,2024-12-19,C-0213,P-011,3,0
O-11147,2024-12-19,C-0213,P-021,1,0
O-11148,2025-01-12,C-0009,P-021,1,0
O-11149,2024-03-03,C-0164,P-005,1,0
O-11150,2025-03-19,C-0357,P-021,1,0.1
O-11151,2025-06-26,C-0115,P-031,1,0.05
O-11151,2025-06-26,C-0115,P-034,1,0
O-11151,2025-06-26,C-0115,P-036,1,0.05
O-11152,2024-01-16,C-0019,P-011,1,0
O-11152,2024-01-16,C-0019,P-038,1,0.15
O-11152,2024-01-16,C-0019,P-021,1,0.2
O-11152,2024-01-16,C-0019,P-024,1,0
O-11153,2025-12-14,C-0011,P-029,3,0.1
O-11154,2024-11-06,C-0291,P-012,1,0
O-11154,2024-11-06,C-0291,P-021,2,0.2
O-11155,2024-11-03,C-0344,P-028,1,0.2
O-11156,2025-03-01,C-0298,P-038,2,0
O-11157,2024-11-23,C-0011,P-019,1,0.15
O-11157,2024-11-23,C-0011,P-024,1,0
O-11157,2024-11-23,C-0011,P-007,1,0
O-11158,2024-07-18,C-0247,P-031,1,0
O-11159,2025-03-12,C-0346,P-010,1,0
O-11160,2024-12-02,C-0399,P-016,2,0
O-11161,2024-02-11,C-0485,P-015,1,0
O-11161,2024-02-11,C-0485,P-010,2,0.2
O-11161,2024-02-11,C-0485,P-011,1,0.3
O-11162,2025-06-30,C-0091,P-033,1,0.15
O-11162,2025-06-30,C-0091,P-031,1,0.05
O-11162,2025-06-30,C-0091,P-020,2,0
O-11162,2025-06-30,C-0091,P-012,1,0
O-11163,2025-03-01,C-0452,P-021,1,0
O-11164,2024-07-06,C-0191,P-009,1,0
O-11165,2025-12-10,C-0241,P-003,1,0
O-11166,2024-05-04,C-0236,P-016,2,0
O-11166,2024-05-04,C-0236,P-004,1,0
O-11167,2025-05-17,C-0276,P-016,2,0
O-11168,2025-03-17,C-0116,P-021,1,0.1
O-11168,2025-03-17,C-0116,P-038,2,0
O-11169,2024-09-18,C-0353,P-015,1,0
O-11170,2025-07-28,C-0384,P-010,1,0
O-11171,2025-11-20,C-0462,P-012,1,0.15
O-11171,2025-11-20,C-0462,P-020,1,0
O-11172,2025-08-26,C-0320,P-038,1,0
O-11172,2025-08-26,C-0320,P-036,2,0.2
O-11173,2024-08-05,C-0484,P-037,1,0
O-11174,2025-04-24,C-0162,P-027,1,0
O-11174,2025-04-24,C-0162,P-006,1,0
O-11174,2025-04-24,C-0162,P-015,1,0
O-11174,2025-04-24,C-0162,P-034,1,0
O-11175,2025-10-30,C-0015,P-002,3,0
O-11176,2025-11-04,C-0495,P-037,1,0.3
O-11177,2024-12-04,C-0447,P-021,1,0
O-11177,2024-12-04,C-0447,P-004,1,0
O-11178,2024-07-07,C-0265,P-014,1,0
O-11179,2025-03-12,C-0072,P-010,3,0.1
O-11179,2025-03-12,C-0072,P-013,1,0
O-11179,2025-03-12,C-0072,P-040,1,0
O-11180,2024-05-26,C-0056,P-038,2,0
O-11181,2025-10-14,C-0007,P-017,1,0.3
O-11182,2024-12-19,C-0140,P-011,2,0
O-11182,2024-12-19,C-0140,P-031,1,0.15
O-11183,2024-07-06,C-0047,P-031,3,0
O-11184,2025-10-31,C-0108,P-017,2,0
O-11184,2025-10-31,C-0108,P-014,1,0
O-11184,2025-10-31,C-0108,P-012,2,0.2
O-11185,2025-06-21,C-0176,P-025,1,0.3
O-11186,2025-09-14,C-0011,P-032,1,0
O-11186,2025-09-14,C-0011,P-025,1,0
O-11186,2025-09-14,C-0011,P-014,1,0
O-11187,2025-02-22,C-0114,P-031,1,0.1
O-11187,2025-02-22,C-0114,P-019,1,0
O-11187,2025-02-22,C-0114,P-027,1,0
O-11188,2025-04-16,C-0465,P-027,1,0.2
O-11188,2025-04-16,C-0465,P-007,1,0
O-11188,2025-04-16,C-0465,P-031,2,0.2
O-11189,2025-11-16,C-0069,P-025,2,0
O-11190,2025-12-16,C-0112,P-007,1,0
O-11190,2025-12-16,C-0112,P-030,1,0
O-11190,2025-12-16,C-0112,P-029,1,0
O-11191,2024-07-17,C-0489,P-034,1,0
O-11192,2025-02-22,C-0130,P-021,1,0
O-11193,2025-11-28,C-0376,P-016,1,0.2
O-11194,2025-03-17,C-0149,P-011,1,0
O-11195,2025-12-23,C-0369,P-006,3,0.05
O-11196,2024-11-27,C-0359,P-012,2,0
O-11197,2025-09-20,C-0367,P-036,1,0.1
O-11198,2025-10-12,C-0359,P-025,1,0
O-11198,2025-10-12,C-0359,P-011,1,0
O-11198,2025-10-12,C-0359,P-015,2,0
O-11198,2025-10-12,C-0359,P-022,1,0
O-11199,2025-07-17,C-0107,P-008,2,0
O-11199,2025-07-17,C-0107,P-005,1,0
O-11200,2024-05-20,C-0157,P-017,1,0.05
O-11200,2024-05-20,C-0157,P-021,1,0.2
O-11200,2024-05-20,C-0157,P-008,1,0.2
O-11200,2024-05-20,C-0157,P-021,1,0
O-11201,2025-05-04,C-0155,P-029,1,0
O-11201,2025-05-04,C-0155,P-012,1,0.3
O-11201,2025-05-04,C-0155,P-027,1,0
O-11202,2024-07-20,C-0423,P-001,2,0
O-11202,2024-07-20,C-0423,P-004,1,0
O-11202,2024-07-20,C-0423,P-034,2,0
O-11202,2024-07-20,C-0423,P-007,1,0.05
O-11203,2025-04-07,C-0165,P-005,1,0
O-11203,2025-04-07,C-0165,P-038,1,0
O-11203,2025-04-07,C-0165,P-040,1,0
O-11203,2025-04-07,C-0165,P-036,1,0
O-11204,2025-12-12,C-0480,P-033,2,0.15
O-11205,2024-12-18,C-0184,P-027,1,0
O-11205,2024-12-18,C-0184,P-032,1,0
O-11206,2025-02-14,C-0060,P-019,2,0
O-11206,2025-02-14,C-0060,P-031,1,0
O-11207,2024-11-02,C-0263,P-003,1,0.3
O-11207,2024-11-02,C-0263,P-031,1,0.1
O-11207,2024-11-02,C-0263,P-001,1,0
O-11207,2024-11-02,C-0263,P-029,1,0
O-11208,2024-06-15,C-0497,P-038,2,0
O-11209,2025-07-24,C-0443,P-021,1,0
O-11209,2025-07-24,C-0443,P-002,3,0
O-11210,2025-02-25,C-0464,P-007,1,0
O-11210,2025-02-25,C-0464,P-027,1,0
O-11211,2025-04-03,C-0160,P-035,3,0
O-11212,2025-10-09,C-0479,P-036,1,0.15
O-11212,2025-10-09,C-0479,P-001,2,0
O-11213,2025-11-02,C-0099,P-030,3,0.1
O-11214,2025-11-07,C-0031,P-018,1,0.1
O-11214,2025-11-07,C-0031,P-030,1,0.2
O-11214,2025-11-07,C-0031,P-019,1,0
O-11214,2025-11-07,C-0031,P-031,1,0
O-11215,2025-01-27,C-0069,P-019,1,0
O-11215,2025-01-27,C-0069,P-021,1,0.3
O-11216,2025-08-19,C-0433,P-034,1,0
O-11217,2024-03-03,C-0200,P-030,1,0
O-11217,2024-03-03,C-0200,P-016,1,0
O-11218,2024-05-05,C-0443,P-010,2,0
O-11219,2024-04-07,C-0178,P-030,1,0
O-11220,2024-08-31,C-0456,P-009,2,0
O-11221,2024-06-02,C-0256,P-030,1,0
O-11221,2024-06-02,C-0256,P-034,1,0.15
O-11222,2025-10-17,C-0388,P-011,2,0.3
O-11223,2025-03-05,C-0010,P-017,1,0
O-11223,2025-03-05,C-0010,P-034,1,0
O-11224,2024-11-29,C-0185,P-012,1,0
O-11224,2024-11-29,C-0185,P-020,1,0.3
O-11224,2024-11-29,C-0185,P-019,1,0.15
O-11225,2025-02-06,C-0136,P-038,1,0
O-11226,2024-12-27,C-0011,P-038,1,0
O-11226,2024-12-27,C-0011,P-010,1,0.3
O-11226,2024-12-27,C-0011,P-009,1,0
O-11227,2025-01-20,C-0176,P-005,1,0
O-11228,2024-08-31,C-0027,P-009,1,0.15
O-11228,2024-08-31,C-0027,P-034,1,0
O-11228,2024-08-31,C-0027,P-007,3,0.2
O-11229,2024-09-20,C-0175,P-003,1,0
O-11230,2025-07-28,C-0018,P-012,1,0
O-11231,2024-10-24,C-0474,P-028,2,0
O-11232,2024-10-26,C-0234,P-038,1,0
O-11233,2024-07-25,C-0242,P-004,1,0
O-11233,2024-07-25,C-0242,P-006,3,0.2
O-11234,2025-02-01,C-0274,P-006,1,0.05
O-11235,2024-11-24,C-0220,P-012,1,0
O-11235,2024-11-24,C-0220,P-005,2,0.3
O-11236,2025-07-31,C-0023,P-013,1,0
O-11236,2025-07-31,C-0023,P-024,1,0
O-11236,2025-07-31,C-0023,P-035,1,0
O-11236,2025-07-31,C-0023,P-022,1,0
O-11237,2025-08-03,C-0377,P-013,3,0
O-11238,2024-07-05,C-0303,P-004,1,0
O-11239,2024-05-28,C-0341,P-004,2,0
O-11239,2024-05-28,C-0341,P-004,1,0
O-11239,2024-05-28,C-0341,P-030,2,0
O-11239,2024-05-28,C-0341,P-007,1,0
O-11240,2024-11-06,C-0099,P-005,1,0
O-11240,2024-11-06,C-0099,P-029,1,0
O-11240,2024-11-06,C-0099,P-040,1,0
O-11241,2025-06-25,C-0500,P-006,1,0
O-11242,2025-04-30,C-0192,P-004,1,0
O-11242,2025-04-30,C-0192,P-038,2,0
O-11242,2025-04-30,C-0192,P-017,1,0
O-11243,2024-03-12,C-0497,P-007,1,0
O-11244,2025-11-29,C-0073,P-038,2,0
O-11244,2025-11-29,C-0073,P-013,1,0.1
O-11245,2025-03-04,C-0097,P-009,1,0.1
O-11246,2024-06-06,C-0056,P-025,1,0
O-11247,2025-04-06,C-0098,P-025,1,0
O-11248,2025-11-30,C-0231,P-004,1,0
O-11248,2025-11-30,C-0231,P-009,1,0
O-11249,2024-06-13,C-0465,P-014,1,0
O-11250,2025-09-24,C-0272,P-027,1,0
O-11250,2025-09-24,C-0272,P-034,1,0
O-11250,2025-09-24,C-0272,P-011,2,0
O-11251,2024-07-01,C-0313,P-021,1,0
O-11251,2024-07-01,C-0313,P-025,1,0
O-11252,2025-12-22,C-0286,P-027,3,0
O-11253,2024-12-19,C-0411,P-011,1,0
O-11253,2024-12-19,C-0411,P-016,2,0
O-11253,2024-12-19,C-0411,P-038,1,0.1
O-11254,2024-05-19,C-0120,P-035,1,0
O-11255,2025-07-06,C-0459,P-004,2,0
O-11256,2024-12-24,C-0183,P-002,2,0
O-11257,2025-12-08,C-0028,P-012,1,0
O-11258,2025-12-26,C-0256,P-033,1,0
O-11259,2024-09-18,C-0244,P-021,1,0
O-11259,2024-09-18,C-0244,P-009,1,0
O-11260,2025-02-12,C-0330,P-038,1,0
O-11261,2024-10-28,C-0449,P-003,1,0.15
O-11261,2024-10-28,C-0449,P-012,2,0.05
O-11261,2024-10-28,C-0449,P-027,1,0.2
O-11261,2024-10-28,C-0449,P-002,1,0
O-11262,2025-11-02,C-0482,P-017,1,0.1
O-11263,2025-05-24,C-0152,P-021,1,0
O-11264,2025-11-05,C-0484,P-008,1,0
O-11265,2024-05-29,C-0404,P-023,1,0
O-11266,2024-05-04,C-0246,P-002,1,0
O-11266,2024-05-04,C-0246,P-034,1,0
O-11266,2024-05-04,C-0246,P-037,1,0
O-11267,2025-08-12,C-0300,P-004,1,0.1
O-11268,2024-10-22,C-0027,P-009,2,0.2
O-11268,2024-10-22,C-0027,P-034,1,0.05
O-11269,2024-09-23,C-0072,P-026,3,0.05
O-11269,2024-09-23,C-0072,P-025,1,0
O-11269,2024-09-23,C-0072,P-011,1,0.05
O-11269,2024-09-23,C-0072,P-028,1,0
O-11270,2025-04-28,C-0377,P-030,1,0
O-11271,2024-06-21,C-0205,P-006,3,0
O-11271,2024-06-21,C-0205,P-030,1,0.15
O-11272,2024-03-04,C-0213,P-040,1,0
O-11273,2025-11-20,C-0218,P-036,1,0.2
O-11274,2024-02-24,C-0084,P-005,1,0
O-11275,2024-10-17,C-0375,P-004,1,0.3
O-11275,2024-10-17,C-0375,P-008,2,0
O-11276,2025-11-01,C-0285,P-017,1,0.2
O-11277,2025-09-15,C-0021,P-028,1,0
O-11277,2025-09-15,C-0021,P-036,1,0
O-11278,2024-10-26,C-0399,P-038,2,0.2
O-11278,2024-10-26,C-0399,P-038,1,0.05
O-11278,2024-10-26,C-0399,P-006,1,0
O-11278,2024-10-26,C-0399,P-004,1,0.1
O-11279,2025-06-06,C-0010,P-026,2,0
O-11279,2025-06-06,C-0010,P-021,1,0
O-11280,2024-07-04,C-0324,P-036,1,0
O-11281,2025-12-22,C-0321,P-021,2,0
O-11281,2025-12-22,C-0321,P-011,1,0
O-11282,2025-05-29,C-0430,P-004,1,0.1
O-11283,2024-03-05,C-0152,P-019,1,0
O-11284,2025-07-15,C-0031,P-025,1,0
O-11285,2025-10-14,C-0367,P-008,2,0.05
O-11286,2024-02-03,C-0164,P-010,1,0
O-11287,2025-10-03,C-0243,P-034,1,0
O-11288,2024-11-06,C-0371,P-027,2,0.3
O-11289,2025-08-16,C-0172,P-021,1,0
O-11289,2025-08-16,C-0172,P-022,1,0
O-11289,2025-08-16,C-0172,P-019,2,0
O-11289,2025-08-16,C-0172,P-009,1,0
O-11290,2025-11-19,C-0011,P-034,2,0
O-11291,2025-03-07,C-0198,P-005,1,0.1
O-11292,2025-03-16,C-0467,P-005,1,0.2
O-11293,2024-01-13,C-0397,P-013,1,0
O-11294,2024-06-05,C-0165,P-009,1,0
O-11295,2024-04-25,C-0437,P-019,1,0
O-11296,2024-10-18,C-0219,P-012,1,0.05
O-11296,2024-10-18,C-0219,P-019,1,0.3
O-11297,2024-08-23,C-0427,P-021,1,0
O-11298,2024-08-24,C-0104,P-038,1,0.15
O-11298,2024-08-24,C-0104,P-011,2,0.2
O-11298,2024-08-24,C-0104,P-022,1,0.3
O-11299,2025-01-03,C-0201,P-007,1,0.1
O-11300,2024-08-06,C-0485,P-002,1,0
O-11300,2024-08-06,C-0485,P-022,3,0.05
O-11301,2025-10-23,C-0094,P-008,1,0
O-11301,2025-10-23,C-0094,P-025,1,0.15
O-11301,2025-10-23,C-0094,P-034,1,0.3
O-11301,2025-10-23,C-0094,P-038,2,0.2
O-11302,2025-09-05,C-0350,P-007,1,0
O-11303,2024-02-03,C-0332,P-009,1,0
O-11304,2025-08-02,C-0472,P-005,2,0
O-11305,2025-12-02,C-0359,P-017,1,0
O-11306,2024-10-07,C-0430,P-009,3,0.2
O-11306,2024-10-07,C-0430,P-017,1,0
O-11306,2024-10-07,C-0430,P-014,1,0
O-11307,2024-02-04,C-0155,P-001,1,0
O-11307,2024-02-04,C-0155,P-027,1,0
O-11307,2024-02-04,C-0155,P-012,1,0.15
O-11308,2025-12-01,C-0308,P-017,2,0
O-11308,2025-12-01,C-0308,P-002,1,0.15
O-11309,2024-11-24,C-0078,P-023,1,0
O-11310,2025-02-02,C-0086,P-017,1,0
O-11310,2025-02-02,C-0086,P-013,2,0.05
O-11310,2025-02-02,C-0086,P-012,1,0
O-11311,2024-01-14,C-0259,P-007,1,0
O-11311,2024-01-14,C-0259,P-007,1,0
O-11312,2024-06-25,C-0078,P-038,2,0
O-11313,2025-04-21,C-0204,P-012,1,0
O-11314,2025-12-16,C-0146,P-038,1,0
O-11315,2025-01-22,C-0157,P-025,3,0
O-11316,2024-02-19,C-0187,P-019,1,0
O-11316,2024-02-19,C-0187,P-011,1,0
O-11316,2024-02-19,C-0187,P-029,2,0
O-11317,2024-06-02,C-0411,P-033,1,0
O-11317,2024-06-02,C-0411,P-004,1,0
O-11317,2024-06-02,C-0411,P-034,2,0
O-11318,2025-08-08,C-0470,P-028,1,0
O-11318,2025-08-08,C-0470,P-029,1,0
O-11318,2025-08-08,C-0470,P-005,1,0
O-11319,2024-12-23,C-0107,P-013,1,0
O-11319,2024-12-23,C-0107,P-009,3,0.15
O-11319,2024-12-23,C-0107,P-014,2,0.3
O-11319,2024-12-23,C-0107,P-009,1,0
O-11320,2024-04-08,C-0353,P-021,1,0.05
O-11321,2024-05-16,C-0230,P-009,1,0
O-11322,2024-08-18,C-0465,P-032,1,0
O-11322,2024-08-18,C-0465,P-034,1,0.2
O-11323,2025-10-26,C-0190,P-006,1,0.05
O-11323,2025-10-26,C-0190,P-008,1,0
O-11324,2025-05-28,C-0296,P-036,1,0.2
O-11325,2025-03-06,C-0293,P-011,1,0.15
O-11325,2025-03-06,C-0293,P-031,2,0
O-11326,2025-11-17,C-0320,P-024,2,0
O-11326,2025-11-17,C-0320,P-008,1,0
O-11326,2025-11-17,C-0320,P-017,1,0.05
O-11326,2025-11-17,C-0320,P-024,1,0.2
O-11327,2025-05-07,C-0120,P-012,1,0
O-11328,2025-03-29,C-0144,P-030,1,0.2
O-11329,2025-08-12,C-0194,P-019,1,0
O-11329,2025-08-12,C-0194,P-005,3,0
O-11329,2025-08-12,C-0194,P-022,2,0
O-11330,2024-08-28,C-0465,P-038,1,0
O-11331,2025-06-16,C-0219,P-026,1,0
O-11331,2025-06-16,C-0219,P-018,1,0
O-11332,2025-04-24,C-0107,P-009,1,0.1
O-11333,2025-11-06,C-0149,P-019,1,0
O-11333,2025-11-06,C-0149,P-013,1,0.2
O-11334,2025-01-22,C-0405,P-014,1,0
O-11334,2025-01-22,C-0405,P-009,2,0
O-11335,2024-08-03,C-0388,P-021,3,0
O-11335,2024-08-03,C-0388,P-002,1,0
O-11335,2024-08-03,C-0388,P-038,1,0.1
O-11335,2024-08-03,C-0388,P-038,1,0
O-11336,2024-03-29,C-0163,P-017,2,0
O-11337,2025-07-13,C-0073,P-006,1,0.2
O-11338,2025-03-31,C-0353,P-028,1,0
O-11339,2024-11-02,C-0042,P-031,1,0
O-11339,2024-11-02,C-0042,P-002,1,0
O-11339,2024-11-02,C-0042,P-039,1,0
O-11340,2024-09-14,C-0452,P-014,1,0.15
O-11341,2025-12-07,C-0029,P-009,2,0.1
O-11341,2025-12-07,C-0029,P-022,1,0
O-11342,2024-06-30,C-0259,P-021,1,0
O-11343,2024-01-12,C-0036,P-030,1,0
O-11343,2024-01-12,C-0036,P-014,3,0
O-11344,2025-07-30,C-0045,P-011,1,0
O-11345,2025-11-15,C-0411,P-040,3,0.05
O-11345,2025-11-15,C-0411,P-005,1,0.3
O-11346,2024-10-04,C-0219,P-023,1,0.2
O-11347,2025-06-07,C-0351,P-019,1,0.05
O-11347,2025-06-07,C-0351,P-019,1,0
O-11348,2025-08-07,C-0242,P-036,1,0
O-11348,2025-08-07,C-0242,P-007,3,0
O-11348,2025-08-07,C-0242,P-025,1,0
O-11348,2025-08-07,C-0242,P-035,2,0
O-11349,2024-07-19,C-0429,P-025,2,0
O-11349,2024-07-19,C-0429,P-019,3,0.2
O-11349,2024-07-19,C-0429,P-003,1,0.15
O-11349,2024-07-19,C-0429,P-030,1,0
O-11350,2025-11-14,C-0369,P-035,3,0
O-11351,2024-09-29,C-0313,P-036,1,0
O-11352,2025-10-21,C-0039,P-011,3,0
O-11352,2025-10-21,C-0039,P-040,1,0
O-11353,2025-03-29,C-0200,P-031,1,0
O-11353,2025-03-29,C-0200,P-031,1,0
O-11353,2025-03-29,C-0200,P-018,1,0
O-11354,2024-12-08,C-0062,P-007,2,0
O-11355,2025-11-23,C-0297,P-017,1,0
O-11356,2025-04-03,C-0041,P-024,2,0.1
O-11357,2025-02-04,C-0436,P-024,2,0
O-11357,2025-02-04,C-0436,P-013,1,0.1
O-11358,2025-05-04,C-0222,P-020,1,0
O-11358,2025-05-04,C-0222,P-036,1,0
O-11358,2025-05-04,C-0222,P-034,1,0
O-11359,2025-12-06,C-0497,P-010,1,0.1
O-11360,2024-03-15,C-0259,P-035,1,0
O-11360,2024-03-15,C-0259,P-004,1,0
O-11360,2024-03-15,C-0259,P-012,2,0
O-11361,2025-07-03,C-0259,P-025,1,0
O-11362,2025-06-29,C-0118,P-027,1,0
O-11362,2025-06-29,C-0118,P-009,1,0
O-11362,2025-06-29,C-0118,P-030,1,0
O-11362,2025-06-29,C-0118,P-031,1,0.15
O-11363,2025-10-01,C-0001,P-030,2,0
O-11364,2025-11-21,C-0046,P-034,2,0
O-11365,2025-04-18,C-0218,P-018,1,0.15
O-11365,2025-04-18,C-0218,P-026,2,0
O-11366,2025-12-28,C-0053,P-009,3,0
O-11367,2025-01-17,C-0388,P-016,1,0
O-11368,2025-01-07,C-0213,P-039,1,0
O-11368,2025-01-07,C-0213,P-005,1,0.1
O-11368,2025-01-07,C-0213,P-031,1,0
O-11369,2024-03-30,C-0110,P-028,3,0
O-11369,2024-03-30,C-0110,P-011,1,0
O-11370,2024-02-06,C-0001,P-023,1,0.2
O-11371,2024-03-07,C-0147,P-030,1,0
O-11371,2024-03-07,C-0147,P-021,2,0.15
O-11371,2024-03-07,C-0147,P-013,1,0
O-11371,2024-03-07,C-0147,P-036,3,0.2
O-11372,2024-04-13,C-0308,P-022,1,0
O-11373,2025-12-12,C-0094,P-036,3,0
O-11373,2025-12-12,C-0094,P-025,1,0
O-11374,2024-10-26,C-0072,P-030,2,0
O-11374,2024-10-26,C-0072,P-039,2,0
O-11375,2025-11-20,C-0209,P-027,1,0
O-11376,2025-11-25,C-0173,P-018,2,0
O-11377,2024-11-14,C-0107,P-013,1,0
O-11378,2024-10-11,C-0378,P-034,1,0
O-11379,2024-11-01,C-0464,P-034,3,0.05
O-11380,2024-12-02,C-0357,P-009,1,0.3
O-11381,2025-12-24,C-0100,P-020,1,0
O-11381,2025-12-24,C-0100,P-002,1,0
O-11382,2024-07-18,C-0068,P-034,1,0
O-11382,2024-07-18,C-0068,P-030,1,0
O-11382,2024-07-18,C-0068,P-038,1,0
O-11383,2025-01-05,C-0380,P-038,1,0.15
O-11383,2025-01-05,C-0380,P-015,1,0
O-11383,2025-01-05,C-0380,P-021,1,0
O-11383,2025-01-05,C-0380,P-040,2,0
O-11384,2025-11-12,C-0243,P-030,1,0
O-11385,2025-02-21,C-0150,P-009,1,0
O-11386,2025-01-02,C-0032,P-005,2,0
O-11387,2025-10-12,C-0151,P-015,1,0
O-11387,2025-10-12,C-0151,P-012,2,0
O-11387,2025-10-12,C-0151,P-012,1,0
O-11387,2025-10-12,C-0151,P-012,1,0
O-11388,2024-08-02,C-0082,P-019,1,0
O-11389,2025-07-09,C-0306,P-035,1,0
O-11390,2024-01-13,C-0455,P-018,2,0
O-11390,2024-01-13,C-0455,P-038,2,0
O-11390,2024-01-13,C-0455,P-013,1,0.2
O-11391,2024-04-09,C-0293,P-019,1,0
O-11392,2024-11-17,C-0432,P-031,2,0.05
O-11392,2024-11-17,C-0432,P-033,2,0
O-11392,2024-11-17,C-0432,P-028,1,0
O-11393,2024-11-08,C-0225,P-006,1,0
O-11394,2024-01-14,C-0396,P-013,1,0
O-11395,2025-05-11,C-0359,P-030,1,0.2
O-11396,2025-09-09,C-0013,P-006,2,0
O-11397,2025-12-04,C-0172,P-030,1,0
O-11398,2024-12-29,C-0316,P-029,2,0.3
O-11399,2024-12-27,C-0065,P-034,1,0
O-11400,2024-07-29,C-0400,P-021,2,0
O-11400,2024-07-29,C-0400,P-021,1,0
O-11401,2024-02-13,C-0463,P-040,1,0
O-11401,2024-02-13,C-0463,P-019,1,0
O-11401,2024-02-13,C-0463,P-033,2,0
O-11402,2025-03-02,C-0435,P-023,1,0
O-11403,2024-06-25,C-0344,P-016,1,0
O-11403,2024-06-25,C-0344,P-038,1,0
O-11404,2025-03-09,C-0352,P-035,1,0
O-11404,2025-03-09,C-0352,P-023,1,0.15
O-11405,2025-11-26,C-0011,P-036,1,0
O-11405,2025-11-26,C-0011,P-013,1,0
O-11405,2025-11-26,C-0011,P-013,3,0
O-11406,2024-11-21,C-0286,P-008,1,0.05
O-11407,2024-01-16,C-0299,P-022,1,0.1
O-11407,2024-01-16,C-0299,P-017,1,0
O-11408,2024-09-01,C-0129,P-028,1,0
O-11409,2024-03-07,C-0072,P-022,1,0
O-11410,2025-09-15,C-0262,P-009,1,0
O-11410,2025-09-15,C-0262,P-004,1,0
O-11410,2025-09-15,C-0262,P-011,1,0
O-11411,2025-04-19,C-0200,P-001,1,0
O-11412,2025-11-13,C-0353,P-032,1,0
O-11413,2025-03-27,C-0003,P-029,2,0.3
O-11414,2024-04-02,C-0228,P-020,1,0
O-11415,2024-05-25,C-0498,P-019,1,0
O-11416,2024-05-17,C-0425,P-005,1,0
O-11417,2024-11-24,C-0367,P-034,3,0.05
O-11418,2025-12-10,C-0200,P-040,1,0
O-11418,2025-12-10,C-0200,P-011,1,0
O-11418,2025-12-10,C-0200,P-001,1,0.1
O-11418,2025-12-10,C-0200,P-025,2,0
O-11419,2025-10-03,C-0440,P-038,1,0
O-11420,2024-03-22,C-0378,P-007,2,0
O-11421,2025-11-26,C-0191,P-019,2,0
O-11421,2025-11-26,C-0191,P-022,1,0
O-11422,2024-04-28,C-0132,P-029,1,0
O-11423,2025-12-22,C-0321,P-036,2,0
O-11424,2025-12-18,C-0266,P-001,1,0
O-11425,2025-04-05,C-0418,P-004,1,0
O-11426,2025-12-08,C-0389,P-025,1,0
O-11427,2024-11-06,C-0125,P-011,1,0
O-11428,2025-04-13,C-0367,P-002,1,0
O-11429,2024-07-25,C-0202,P-026,2,0
O-11429,2024-07-25,C-0202,P-023,1,0.05
O-11429,2024-07-25,C-0202,P-030,2,0
O-11429,2024-07-25,C-0202,P-006,1,0
O-11430,2024-12-02,C-0417,P-029,1,0
O-11431,2025-02-14,C-0337,P-018,1,0
O-11431,2025-02-14,C-0337,P-004,1,0.15
O-11431,2025-02-14,C-0337,P-028,2,0.1
O-11432,2025-09-06,C-0240,P-012,1,0
O-11432,2025-09-06,C-0240,P-035,1,0
O-11432,2025-09-06,C-0240,P-001,2,0
O-11433,2024-10-01,C-0369,P-008,2,0.1
O-11434,2025-07-27,C-0427,P-012,2,0
O-11435,2024-09-13,C-0387,P-034,1,0
O-11435,2024-09-13,C-0387,P-002,1,0
O-11436,2025-05-30,C-0071,P-002,1,0
O-11436,2025-05-30,C-0071,P-040,1,0
O-11437,2025-11-07,C-0144,P-014,1,0
O-11437,2025-11-07,C-0144,P-017,1,0
O-11437,2025-11-07,C-0144,P-037,2,0.1
O-11437,2025-11-07,C-0144,P-004,1,0.1
O-11438,2024-11-07,C-0465,P-017,2,0.05
O-11439,2025-05-14,C-0373,P-012,1,0
O-11440,2024-12-16,C-0103,P-015,1,0
O-11441,2024-06-09,C-0111,P-040,2,0
O-11442,2025-11-05,C-0466,P-033,1,0
O-11443,2025-11-27,C-0338,P-038,1,0
O-11443,2025-11-27,C-0338,P-001,2,0
O-11444,2025-11-17,C-0485,P-009,1,0
O-11445,2024-04-19,C-0039,P-019,1,0
O-11446,2025-09-04,C-0417,P-031,2,0.15
O-11447,2024-07-13,C-0465,P-004,1,0
O-11448,2025-11-15,C-0462,P-007,1,0
O-11448,2025-11-15,C-0462,P-031,2,0
O-11448,2025-11-15,C-0462,P-021,1,0
O-11449,2024-02-14,C-0206,P-013,2,0
O-11450,2025-08-14,C-0011,P-012,1,0
O-11451,2025-03-08,C-0359,P-018,1,0
O-11452,2024-06-30,C-0319,P-030,2,0
O-11453,2025-06-03,C-0172,P-019,1,0
O-11454,2025-12-26,C-0039,P-031,1,0
O-11455,2025-08-03,C-0341,P-002,1,0.3
O-11456,2024-01-23,C-0200,P-011,1,0.1
O-11457,2024-12-19,C-0115,P-007,1,0.1
O-11458,2025-06-05,C-0365,P-017,1,0
O-11458,2025-06-05,C-0365,P-019,2,0.2
O-11459,2024-08-14,C-0244,P-018,2,0.1
O-11459,2024-08-14,C-0244,P-007,1,0
O-11460,2025-10-25,C-0035,P-031,2,0
O-11461,2025-12-11,C-0442,P-015,1,0
O-11461,2025-12-11,C-0442,P-004,1,0
O-11462,2024-07-06,C-0307,P-004,1,0.2
O-11463,2025-11-19,C-0332,P-012,1,0
O-11463,2025-11-19,C-0332,P-030,2,0
O-11464,2024-05-02,C-0067,P-017,1,0.3
O-11465,2025-11-02,C-0058,P-021,1,0
O-11466,2024-05-29,C-0024,P-007,1,0
O-11467,2025-07-23,C-0324,P-033,1,0
O-11468,2025-12-07,C-0030,P-021,1,0
O-11469,2025-11-03,C-0395,P-019,1,0
O-11469,2025-11-03,C-0395,P-024,1,0.3
O-11470,2024-04-11,C-0132,P-019,1,0.1
O-11470,2024-04-11,C-0132,P-029,1,0.2
O-11470,2024-04-11,C-0132,P-018,1,0
O-11471,2024-05-17,C-0063,P-008,1,0.3
O-11471,2024-05-17,C-0063,P-009,1,0.3
O-11471,2024-05-17,C-0063,P-028,2,0.15
O-11472,2024-01-03,C-0219,P-033,3,0
O-11472,2024-01-03,C-0219,P-022,1,0
O-11473,2025-10-22,C-0217,P-031,2,0
O-11474,2025-03-16,C-0052,P-009,2,0
O-11475,2024-05-24,C-0289,P-035,1,0
O-11475,2024-05-24,C-0289,P-022,1,0.05
O-11475,2024-05-24,C-0289,P-037,3,0
O-11476,2025-12-12,C-0181,P-026,1,0
O-11477,2025-12-22,C-0095,P-017,2,0.2
O-11478,2024-12-30,C-0471,P-038,1,0.05
O-11479,2025-11-23,C-0179,P-031,1,0
O-11480,2024-01-05,C-0163,P-009,1,0.15
O-11480,2024-01-05,C-0163,P-036,3,0.3
O-11481,2025-07-02,C-0023,P-036,1,0.1
O-11482,2025-03-13,C-0472,P-035,1,0
O-11482,2025-03-13,C-0472,P-009,1,0
O-11482,2025-03-13,C-0472,P-014,2,0
O-11483,2025-08-09,C-0413,P-031,3,0.15
O-11483,2025-08-09,C-0413,P-034,3,0.15
O-11484,2024-11-06,C-0459,P-009,2,0
O-11485,2025-12-15,C-0167,P-007,2,0.2
O-11486,2024-10-23,C-0477,P-015,1,0
O-11487,2025-07-18,C-0282,P-016,1,0
O-11487,2025-07-18,C-0282,P-004,2,0
O-11487,2025-07-18,C-0282,P-017,1,0
O-11488,2024-12-08,C-0167,P-031,1,0
O-11488,2024-12-08,C-0167,P-031,1,0
O-11489,2025-12-30,C-0266,P-017,2,0
O-11489,2025-12-30,C-0266,P-030,1,0.05
O-11490,2025-08-28,C-0484,P-027,1,0
O-11491,2024-11-15,C-0155,P-022,1,0
O-11492,2025-06-30,C-0494,P-040,1,0
O-11492,2025-06-30,C-0494,P-025,1,0
O-11493,2024-08-19,C-0490,P-033,1,0
O-11494,2024-10-29,C-0471,P-025,1,0
O-11495,2025-04-09,C-0265,P-002,1,0
O-11496,2025-03-09,C-0142,P-015,1,0
O-11496,2025-03-09,C-0142,P-015,1,0.2
O-11497,2025-12-15,C-0276,P-029,1,0
O-11498,2024-06-26,C-0198,P-029,3,0
O-11499,2025-02-23,C-0317,P-017,1,0
O-11499,2025-02-23,C-0317,P-015,1,0
O-11500,2025-04-07,C-0486,P-010,1,0.05
O-11501,2025-12-19,C-0095,P-017,1,0
O-11501,2025-12-19,C-0095,P-034,1,0
O-11502,2025-03-31,C-0287,P-021,2,0
O-11502,2025-03-31,C-0287,P-030,1,0.2
O-11502,2025-03-31,C-0287,P-023,1,0
O-11503,2024-02-23,C-0363,P-020,1,0
O-11503,2024-02-23,C-0363,P-017,3,0
O-11503,2024-02-23,C-0363,P-021,1,0.15
O-11503,2024-02-23,C-0363,P-026,1,0
O-11504,2024-05-04,C-0368,P-009,1,0
O-11505,2024-07-05,C-0219,P-036,1,0
O-11505,2024-07-05,C-0219,P-033,1,0
O-11506,2025-11-28,C-0206,P-030,1,0
O-11507,2025-05-20,C-0167,P-004,1,0
O-11508,2025-09-30,C-0268,P-038,1,0
O-11509,2025-07-18,C-0367,P-034,1,0
O-11510,2025-12-27,C-0207,P-011,1,0
O-11510,2025-12-27,C-0207,P-017,1,0
O-11511,2025-08-13,C-0189,P-010,3,0.15
O-11511,2025-08-13,C-0189,P-036,1,0
O-11511,2025-08-13,C-0189,P-019,2,0.3
O-11512,2025-11-08,C-0037,P-007,1,0
O-11512,2025-11-08,C-0037,P-036,2,0.2
O-11513,2025-06-02,C-0169,P-012,2,0
O-11513,2025-06-02,C-0169,P-034,2,0
O-11513,2025-06-02,C-0169,P-031,1,0
O-11514,2025-02-25,C-0474,P-016,1,0.05
O-11515,2024-06-11,C-0139,P-024,1,0.05
O-11516,2025-01-31,C-0276,P-021,1,0
O-11517,2025-11-25,C-0034,P-019,3,0
O-11517,2025-11-25,C-0034,P-012,1,0
O-11518,2024-06-09,C-0212,P-004,1,0
O-11518,2024-06-09,C-0212,P-039,1,0
O-11518,2024-06-09,C-0212,P-015,2,0.1
O-11518,2024-06-09,C-0212,P-014,1,0
O-11519,2024-09-27,C-0072,P-029,1,0
O-11519,2024-09-27,C-0072,P-034,1,0
O-11520,2025-12-23,C-0104,P-007,2,0
O-11521,2025-11-16,C-0331,P-030,1,0
O-11522,2025-06-03,C-0388,P-031,1,0
O-11523,2024-04-13,C-0262,P-028,2,0
O-11524,2024-12-26,C-0312,P-040,2,0
O-11524,2024-12-26,C-0312,P-016,1,0
O-11525,2024-08-07,C-0353,P-036,1,0
O-11525,2024-08-07,C-0353,P-016,1,0
O-11526,2025-11-01,C-0225,P-006,1,0
O-11526,2025-11-01,C-0225,P-007,1,0
O-11527,2025-04-05,C-0041,P-017,3,0
O-11527,2025-04-05,C-0041,P-031,2,0
O-11527,2025-04-05,C-0041,P-017,1,0
O-11527,2025-04-05,C-0041,P-012,2,0
O-11528,2025-02-17,C-0226,P-031,1,0
O-11528,2025-02-17,C-0226,P-019,1,0
O-11529,2024-05-03,C-0335,P-015,1,0
O-11530,2024-08-12,C-0446,P-023,1,0.3
O-11531,2025-02-24,C-0273,P-031,1,0
O-11532,2025-10-26,C-0157,P-017,1,0
O-11533,2025-12-16,C-0095,P-004,2,0
O-11533,2025-12-16,C-0095,P-022,3,0.1
O-11533,2025-12-16,C-0095,P-036,1,0.1
O-11533,2025-12-16,C-0095,P-019,2,0
O-11534,2024-10-10,C-0061,P-031,1,0
O-11534,2024-10-10,C-0061,P-022,1,0
O-11534,2024-10-10,C-0061,P-024,1,0
O-11535,2024-11-26,C-0084,P-034,1,0
O-11535,2024-11-26,C-0084,P-017,1,0
O-11536,2024-02-09,C-0372,P-013,1,0
O-11537,2025-04-27,C-0236,P-029,1,0.15
O-11538,2024-03-11,C-0207,P-019,1,0
O-11539,2025-12-02,C-0184,P-019,2,0
O-11539,2025-12-02,C-0184,P-034,1,0
O-11540,2025-07-21,C-0178,P-019,1,0
O-11540,2025-07-21,C-0178,P-023,1,0
O-11540,2025-07-21,C-0178,P-009,3,0
O-11541,2025-07-21,C-0193,P-028,2,0.3
O-11542,2024-11-27,C-0422,P-017,3,0.15
O-11542,2024-11-27,C-0422,P-010,1,0.1
O-11542,2024-11-27,C-0422,P-021,1,0
O-11543,2025-10-14,C-0098,P-022,1,0
O-11544,2024-07-20,C-0430,P-021,1,0
O-11544,2024-07-20,C-0430,P-034,3,0
O-11545,2025-04-14,C-0393,P-039,2,0.1
O-11545,2025-04-14,C-0393,P-027,2,0
O-11545,2025-04-14,C-0393,P-026,2,0
O-11546,2024-12-25,C-0476,P-012,1,0
O-11546,2024-12-25,C-0476,P-031,2,0
O-11546,2024-12-25,C-0476,P-040,1,0
O-11547,2024-09-16,C-0276,P-001,1,0
O-11548,2025-02-24,C-0207,P-028,1,0.3
O-11549,2025-09-09,C-0458,P-011,1,0.3
O-11549,2025-09-09,C-0458,P-032,1,0
O-11550,2025-12-17,C-0392,P-011,1,0
O-11550,2025-12-17,C-0392,P-022,1,0
O-11551,2025-09-11,C-0162,P-029,2,0
O-11552,2025-07-12,C-0198,P-006,1,0.15
O-11552,2025-07-12,C-0198,P-034,1,0
O-11553,2024-01-26,C-0155,P-022,1,0
O-11554,2024-12-15,C-0406,P-040,1,0
O-11555,2025-02-19,C-0250,P-002,1,0
O-11555,2025-02-19,C-0250,P-019,2,0
O-11555,2025-02-19,C-0250,P-012,1,0.3
O-11556,2025-03-20,C-0275,P-030,2,0
O-11557,2025-02-16,C-0288,P-029,1,0.15
O-11558,2024-12-27,C-0464,P-012,1,0
O-11558,2024-12-27,C-0464,P-034,1,0.15
O-11559,2024-07-29,C-0012,P-015,1,0
O-11560,2025-05-02,C-0109,P-029,1,0
O-11561,2025-12-04,C-0144,P-039,3,0
O-11561,2025-12-04,C-0144,P-005,1,0.1
O-11561,2025-12-04,C-0144,P-034,3,0
O-11562,2024-08-13,C-0242,P-018,1,0
O-11562,2024-08-13,C-0242,P-015,1,0.2
O-11562,2024-08-13,C-0242,P-004,1,0
O-11563,2025-06-07,C-0215,P-033,1,0
O-11564,2024-09-19,C-0204,P-007,1,0.2
O-11565,2024-09-03,C-0102,P-023,1,0
O-11566,2024-05-27,C-0371,P-012,1,0
O-11567,2024-12-21,C-0468,P-028,1,0
O-11567,2024-12-21,C-0468,P-029,3,0.15
O-11568,2025-12-13,C-0191,P-026,1,0.2
O-11568,2025-12-13,C-0191,P-037,2,0
O-11569,2025-05-20,C-0187,P-005,1,0
O-11569,2025-05-20,C-0187,P-009,1,0
O-11570,2025-07-15,C-0294,P-029,1,0.15
O-11570,2025-07-15,C-0294,P-028,1,0.1
O-11571,2025-10-17,C-0353,P-038,2,0.05
O-11571,2025-10-17,C-0353,P-010,1,0.1
O-11571,2025-10-17,C-0353,P-038,1,0.15
O-11572,2024-04-08,C-0474,P-015,1,0
O-11573,2024-11-27,C-0252,P-035,2,0.05
O-11573,2024-11-27,C-0252,P-012,2,0
O-11574,2024-12-17,C-0401,P-025,1,0.15
O-11575,2025-03-30,C-0256,P-006,1,0
O-11576,2025-05-23,C-0368,P-021,1,0
O-11577,2025-05-06,C-0295,P-012,1,0
O-11577,2025-05-06,C-0295,P-029,1,0
O-11578,2024-11-25,C-0132,P-030,3,0
O-11578,2024-11-25,C-0132,P-002,1,0
O-11578,2024-11-25,C-0132,P-007,1,0
O-11578,2024-11-25,C-0132,P-021,2,0.05
O-11579,2025-05-24,C-0271,P-021,1,0
O-11580,2025-05-07,C-0376,P-005,1,0
O-11580,2025-05-07,C-0376,P-031,1,0.1
O-11581,2025-10-20,C-0087,P-008,2,0
O-11582,2025-08-24,C-0387,P-024,1,0
O-11582,2025-08-24,C-0387,P-012,1,0
O-11583,2025-11-03,C-0248,P-040,1,0
O-11583,2025-11-03,C-0248,P-020,1,0.15
O-11584,2025-12-19,C-0154,P-008,3,0
O-11584,2025-12-19,C-0154,P-011,2,0.2
O-11584,2025-12-19,C-0154,P-021,1,0.15
O-11585,2025-08-17,C-0357,P-021,1,0
O-11586,2025-06-30,C-0300,P-014,1,0
O-11587,2024-10-07,C-0099,P-021,2,0
O-11588,2025-12-17,C-0335,P-036,2,0.1
O-11588,2025-12-17,C-0335,P-002,1,0
O-11588,2025-12-17,C-0335,P-007,1,0
O-11589,2024-10-17,C-0317,P-031,2,0.3
O-11589,2024-10-17,C-0317,P-023,3,0
O-11589,2024-10-17,C-0317,P-025,1,0.3
O-11589,2024-10-17,C-0317,P-011,2,0
O-11590,2025-09-02,C-0285,P-021,1,0.1
O-11591,2025-12-06,C-0315,P-003,1,0
O-11592,2024-12-28,C-0172,P-017,1,0
O-11592,2024-12-28,C-0172,P-034,1,0
O-11592,2024-12-28,C-0172,P-036,3,0
O-11593,2024-05-27,C-0162,P-036,2,0
O-11594,2025-06-17,C-0425,P-008,1,0
O-11594,2025-06-17,C-0425,P-019,1,0
O-11594,2025-06-17,C-0425,P-019,1,0
O-11594,2025-06-17,C-0425,P-014,1,0.1
O-11595,2025-11-30,C-0198,P-015,2,0
O-11595,2025-11-30,C-0198,P-021,1,0.2
O-11595,2025-11-30,C-0198,P-022,1,0
O-11596,2024-02-19,C-0145,P-040,2,0
O-11597,2025-06-29,C-0311,P-017,1,0
O-11597,2025-06-29,C-0311,P-011,1,0
O-11597,2025-06-29,C-0311,P-014,1,0
O-11598,2024-11-03,C-0301,P-032,1,0
O-11598,2024-11-03,C-0301,P-002,3,0
O-11599,2025-10-01,C-0056,P-014,2,0.1
O-11600,2025-04-19,C-0445,P-037,1,0
